/**
 * 8x8 monochrome bitmap Kanji glyphs (JIS X 0208 level 1, common-use kanji)
 *
 * Glyph data derived from the "Misaki font" (8x8 dot Japanese font)
 * Copyright (C) 2002-2015 Num Kadoma - http://littlelimit.net/misaki.htm
 * "Unlimited permission is granted to use, copy, and distribute them,
 *  with or without modification, either commercially or noncommercially."
 *
 * Pre-converted to 8x8 hex arrays by emutyworks (MIT License)
 * https://github.com/emutyworks/8x8DotJPFont
 *
 * Sparse table (2965 entries) indexed by Unicode codepoint (CJK
 * Unified Ideographs), sorted ascending for binary search - unlike the
 * dense font8x8_basic/ext_latin/hiragana/katakana tables, kanji codepoints
 * are not contiguous so a direct offset index isn't practical.
 *
 * Bit layout matches font8x8_basic/ext_latin/hiragana: glyph[y], bit x
 * (LSB=leftmost). The emutyworks source is column-major (Adafruit_GFX
 * drawBitmap style) and was transposed at generation time to match.
 **/

struct Font8x8KanjiEntry {
    unsigned int codepoint;
    unsigned char glyph[8];
};

const Font8x8KanjiEntry font8x8_kanji[2965] = {
    { 0x4E00, {0x00, 0x00, 0x20, 0x7F, 0x00, 0x00, 0x00, 0x00} },   // 一
    { 0x4E01, {0x7F, 0x08, 0x08, 0x08, 0x08, 0x08, 0x0C, 0x00} },   // 丁
    { 0x4E03, {0x04, 0x04, 0x74, 0x0F, 0x04, 0x44, 0x78, 0x00} },   // 七
    { 0x4E07, {0x7F, 0x04, 0x3C, 0x24, 0x24, 0x22, 0x31, 0x00} },   // 万
    { 0x4E08, {0x08, 0x7F, 0x08, 0x0C, 0x08, 0x14, 0x63, 0x00} },   // 丈
    { 0x4E09, {0x00, 0x3E, 0x00, 0x1C, 0x00, 0x00, 0x7F, 0x00} },   // 三
    { 0x4E0A, {0x08, 0x08, 0x38, 0x08, 0x08, 0x08, 0x7F, 0x00} },   // 上
    { 0x4E0B, {0x7F, 0x08, 0x18, 0x28, 0x08, 0x08, 0x08, 0x00} },   // 下
    { 0x4E0D, {0x7F, 0x08, 0x08, 0x2C, 0x4B, 0x08, 0x08, 0x00} },   // 不
    { 0x4E0E, {0x04, 0x3C, 0x04, 0x1C, 0x7F, 0x10, 0x18, 0x00} },   // 与
    { 0x4E11, {0x3E, 0x28, 0x28, 0x7F, 0x24, 0x24, 0x7F, 0x00} },   // 丑
    { 0x4E14, {0x3E, 0x22, 0x3E, 0x22, 0x3E, 0x22, 0x7F, 0x00} },   // 且
    { 0x4E16, {0x2A, 0x2A, 0x7F, 0x2A, 0x3A, 0x02, 0x7E, 0x00} },   // 世
    { 0x4E18, {0x30, 0x0E, 0x02, 0x3E, 0x12, 0x12, 0x7F, 0x00} },   // 丘
    { 0x4E19, {0x7F, 0x08, 0x7F, 0x49, 0x55, 0x43, 0x61, 0x00} },   // 丙
    { 0x4E1E, {0x3E, 0x10, 0x4B, 0x2A, 0x49, 0x0C, 0x7F, 0x00} },   // 丞
    { 0x4E21, {0x7F, 0x08, 0x7F, 0x49, 0x6B, 0x7F, 0x41, 0x00} },   // 両
    { 0x4E26, {0x24, 0x7F, 0x14, 0x56, 0x36, 0x14, 0x7F, 0x00} },   // 並
    { 0x4E2D, {0x08, 0x7F, 0x49, 0x49, 0x7F, 0x08, 0x08, 0x00} },   // 中
    { 0x4E32, {0x08, 0x3E, 0x3E, 0x08, 0x7F, 0x7F, 0x08, 0x00} },   // 串
    { 0x4E38, {0x04, 0x1F, 0x14, 0x16, 0x1C, 0x52, 0x71, 0x00} },   // 丸
    { 0x4E39, {0x3E, 0x22, 0x2A, 0x22, 0x7F, 0x22, 0x31, 0x00} },   // 丹
    { 0x4E3B, {0x04, 0x08, 0x7F, 0x08, 0x3E, 0x08, 0x7F, 0x00} },   // 主
    { 0x4E43, {0x1F, 0x14, 0x74, 0x44, 0x42, 0x42, 0x61, 0x00} },   // 乃
    { 0x4E45, {0x04, 0x3C, 0x22, 0x11, 0x10, 0x2C, 0x43, 0x00} },   // 久
    { 0x4E4B, {0x08, 0x3E, 0x20, 0x10, 0x0A, 0x06, 0x79, 0x00} },   // 之
    { 0x4E4D, {0x04, 0x7C, 0x0A, 0x79, 0x08, 0x78, 0x08, 0x00} },   // 乍
    { 0x4E4E, {0x70, 0x0F, 0x2A, 0x08, 0x7F, 0x08, 0x0C, 0x00} },   // 乎
    { 0x4E4F, {0x3E, 0x08, 0x3E, 0x10, 0x0A, 0x06, 0x79, 0x00} },   // 乏
    { 0x4E57, {0x30, 0x0E, 0x7F, 0x2A, 0x7F, 0x1C, 0x6B, 0x00} },   // 乗
    { 0x4E59, {0x1E, 0x10, 0x08, 0x04, 0x02, 0x41, 0x7E, 0x00} },   // 乙
    { 0x4E5D, {0x04, 0x1F, 0x14, 0x14, 0x12, 0x52, 0x71, 0x00} },   // 九
    { 0x4E5E, {0x02, 0x7E, 0x1D, 0x10, 0x0C, 0x42, 0x7C, 0x00} },   // 乞
    { 0x4E5F, {0x10, 0x14, 0x7C, 0x57, 0x14, 0x44, 0x78, 0x00} },   // 也
    { 0x4E71, {0x18, 0x16, 0x1F, 0x14, 0x1E, 0x5A, 0x7E, 0x00} },   // 乱
    { 0x4E73, {0x3C, 0x2B, 0x20, 0x2E, 0x28, 0x3F, 0x64, 0x00} },   // 乳
    { 0x4E7E, {0x0F, 0x7A, 0x37, 0x25, 0x12, 0x4F, 0x72, 0x00} },   // 乾
    { 0x4E80, {0x1C, 0x13, 0x3E, 0x3E, 0x29, 0x3F, 0x70, 0x00} },   // 亀
    { 0x4E86, {0x7F, 0x20, 0x18, 0x08, 0x08, 0x08, 0x0C, 0x00} },   // 了
    { 0x4E88, {0x3E, 0x14, 0x08, 0x7F, 0x48, 0x08, 0x0C, 0x00} },   // 予
    { 0x4E89, {0x1C, 0x13, 0x3C, 0x7F, 0x28, 0x3E, 0x0C, 0x00} },   // 争
    { 0x4E8B, {0x08, 0x7F, 0x2A, 0x3F, 0x68, 0x3F, 0x0C, 0x00} },   // 事
    { 0x4E8C, {0x00, 0x3E, 0x00, 0x00, 0x00, 0x00, 0x7F, 0x00} },   // 二
    { 0x4E91, {0x3E, 0x00, 0x7F, 0x08, 0x08, 0x24, 0x5F, 0x00} },   // 云
    { 0x4E92, {0x7F, 0x04, 0x3C, 0x24, 0x1E, 0x10, 0x7F, 0x00} },   // 互
    { 0x4E94, {0x3E, 0x08, 0x08, 0x3E, 0x24, 0x24, 0x7F, 0x00} },   // 五
    { 0x4E95, {0x24, 0x7F, 0x24, 0x24, 0x7F, 0x24, 0x22, 0x00} },   // 井
    { 0x4E98, {0x7F, 0x3E, 0x22, 0x3E, 0x22, 0x3E, 0x7F, 0x00} },   // 亘
    { 0x4E99, {0x7F, 0x04, 0x3C, 0x34, 0x2A, 0x10, 0x7F, 0x00} },   // 亙
    { 0x4E9B, {0x24, 0x6D, 0x25, 0x6F, 0x3E, 0x00, 0x7F, 0x00} },   // 些
    { 0x4E9C, {0x7F, 0x14, 0x7F, 0x55, 0x7F, 0x14, 0x7F, 0x00} },   // 亜
    { 0x4EA1, {0x08, 0x7F, 0x02, 0x02, 0x02, 0x02, 0x7C, 0x00} },   // 亡
    { 0x4EA4, {0x08, 0x7F, 0x14, 0x63, 0x14, 0x08, 0x77, 0x00} },   // 交
    { 0x4EA5, {0x08, 0x7F, 0x04, 0x2A, 0x14, 0x28, 0x47, 0x00} },   // 亥
    { 0x4EA6, {0x08, 0x7F, 0x14, 0x36, 0x56, 0x55, 0x1A, 0x00} },   // 亦
    { 0x4EA8, {0x08, 0x7F, 0x22, 0x3E, 0x10, 0x08, 0x0C, 0x00} },   // 亨
    { 0x4EAB, {0x08, 0x7F, 0x22, 0x3E, 0x10, 0x7F, 0x08, 0x00} },   // 享
    { 0x4EAC, {0x08, 0x7F, 0x22, 0x3E, 0x08, 0x2A, 0x4D, 0x00} },   // 京
    { 0x4EAD, {0x08, 0x7F, 0x22, 0x7F, 0x5D, 0x08, 0x0C, 0x00} },   // 亭
    { 0x4EAE, {0x08, 0x7F, 0x22, 0x7F, 0x41, 0x14, 0x73, 0x00} },   // 亮
    { 0x4EBA, {0x08, 0x08, 0x08, 0x14, 0x14, 0x22, 0x41, 0x00} },   // 人
    { 0x4EC0, {0x14, 0x12, 0x7F, 0x12, 0x12, 0x12, 0x12, 0x00} },   // 什
    { 0x4EC1, {0x04, 0x72, 0x03, 0x02, 0x02, 0x02, 0x7A, 0x00} },   // 仁
    { 0x4EC7, {0x14, 0x3E, 0x2B, 0x2A, 0x2A, 0x2A, 0x66, 0x00} },   // 仇
    { 0x4ECA, {0x08, 0x14, 0x7B, 0x00, 0x3E, 0x10, 0x0C, 0x00} },   // 今
    { 0x4ECB, {0x08, 0x14, 0x63, 0x14, 0x14, 0x14, 0x12, 0x00} },   // 介
    { 0x4ECF, {0x14, 0x12, 0x13, 0x12, 0x0A, 0x2A, 0x5E, 0x00} },   // 仏
    { 0x4ED4, {0x3C, 0x22, 0x13, 0x7E, 0x12, 0x12, 0x1A, 0x00} },   // 仔
    { 0x4ED5, {0x14, 0x12, 0x7F, 0x12, 0x12, 0x12, 0x3A, 0x00} },   // 仕
    { 0x4ED6, {0x24, 0x2A, 0x7B, 0x6E, 0x2A, 0x4A, 0x7A, 0x00} },   // 他
    { 0x4ED8, {0x24, 0x7A, 0x23, 0x2A, 0x32, 0x22, 0x32, 0x00} },   // 付
    { 0x4ED9, {0x14, 0x12, 0x57, 0x56, 0x56, 0x56, 0x7E, 0x00} },   // 仙
    { 0x4EE3, {0x54, 0x12, 0x7B, 0x12, 0x22, 0x22, 0x42, 0x00} },   // 代
    { 0x4EE4, {0x08, 0x14, 0x7B, 0x00, 0x7F, 0x48, 0x08, 0x00} },   // 令
    { 0x4EE5, {0x22, 0x2A, 0x32, 0x22, 0x26, 0x31, 0x4C, 0x00} },   // 以
    { 0x4EEE, {0x7C, 0x0A, 0x7B, 0x5A, 0x5A, 0x26, 0x5A, 0x00} },   // 仮
    { 0x4EF0, {0x0A, 0x76, 0x57, 0x57, 0x5E, 0x16, 0x12, 0x00} },   // 仰
    { 0x4EF2, {0x14, 0x7E, 0x57, 0x56, 0x7E, 0x12, 0x12, 0x00} },   // 仲
    { 0x4EF6, {0x34, 0x72, 0x2B, 0x22, 0x7A, 0x22, 0x22, 0x00} },   // 件
    { 0x4EFB, {0x24, 0x1A, 0x13, 0x7E, 0x12, 0x12, 0x3A, 0x00} },   // 任
    { 0x4F01, {0x08, 0x14, 0x6B, 0x08, 0x3A, 0x0A, 0x7F, 0x00} },   // 企
    { 0x4F0A, {0x7C, 0x52, 0x7F, 0x52, 0x7A, 0x12, 0x0A, 0x00} },   // 伊
    { 0x4F0D, {0x3C, 0x12, 0x13, 0x3E, 0x2A, 0x2A, 0x7E, 0x00} },   // 伍
    { 0x4F0E, {0x14, 0x7E, 0x13, 0x3E, 0x2A, 0x12, 0x6E, 0x00} },   // 伎
    { 0x4F0F, {0x54, 0x12, 0x7F, 0x12, 0x12, 0x2A, 0x46, 0x00} },   // 伏
    { 0x4F10, {0x54, 0x12, 0x7B, 0x12, 0x52, 0x22, 0x5A, 0x00} },   // 伐
    { 0x4F11, {0x14, 0x7E, 0x13, 0x3A, 0x3A, 0x56, 0x12, 0x00} },   // 休
    { 0x4F1A, {0x08, 0x14, 0x7B, 0x00, 0x7F, 0x24, 0x5F, 0x00} },   // 会
    { 0x4F1D, {0x3C, 0x02, 0x7F, 0x12, 0x12, 0x2A, 0x5E, 0x00} },   // 伝
    { 0x4F2F, {0x14, 0x7A, 0x4B, 0x7A, 0x4A, 0x4A, 0x7A, 0x00} },   // 伯
    { 0x4F34, {0x24, 0x6A, 0x23, 0x7A, 0x22, 0x7A, 0x22, 0x00} },   // 伴
    { 0x4F36, {0x14, 0x2A, 0x77, 0x02, 0x7E, 0x52, 0x12, 0x00} },   // 伶
    { 0x4F38, {0x14, 0x7E, 0x57, 0x7E, 0x56, 0x7E, 0x12, 0x00} },   // 伸
    { 0x4F3A, {0x7C, 0x42, 0x5B, 0x42, 0x5A, 0x5A, 0x62, 0x00} },   // 伺
    { 0x4F3C, {0x4C, 0x6A, 0x4B, 0x5A, 0x4E, 0x22, 0x5A, 0x00} },   // 似
    { 0x4F3D, {0x0A, 0x7E, 0x5B, 0x5B, 0x5A, 0x56, 0x76, 0x00} },   // 伽
    { 0x4F43, {0x7C, 0x56, 0x57, 0x7E, 0x56, 0x56, 0x7E, 0x00} },   // 佃
    { 0x4F46, {0x7C, 0x4A, 0x7B, 0x4A, 0x7A, 0x02, 0x7A, 0x00} },   // 但
    { 0x4F4D, {0x14, 0x7E, 0x2B, 0x2A, 0x2A, 0x1A, 0x7E, 0x00} },   // 位
    { 0x4F4E, {0x44, 0x3A, 0x2B, 0x7A, 0x2A, 0x4A, 0x7A, 0x00} },   // 低
    { 0x4F4F, {0x14, 0x22, 0x7B, 0x22, 0x72, 0x22, 0x7A, 0x00} },   // 住
    { 0x4F50, {0x14, 0x7E, 0x0B, 0x7A, 0x2A, 0x26, 0x7A, 0x00} },   // 佐
    { 0x4F51, {0x14, 0x7A, 0x13, 0x72, 0x5A, 0x52, 0x72, 0x00} },   // 佑
    { 0x4F53, {0x14, 0x7E, 0x13, 0x3A, 0x56, 0x3A, 0x12, 0x00} },   // 体
    { 0x4F55, {0x7C, 0x42, 0x7B, 0x6A, 0x7A, 0x42, 0x62, 0x00} },   // 何
    { 0x4F59, {0x08, 0x14, 0x7F, 0x08, 0x7F, 0x2A, 0x4D, 0x00} },   // 余
    { 0x4F5C, {0x14, 0x72, 0x1B, 0x72, 0x12, 0x72, 0x12, 0x00} },   // 作
    { 0x4F73, {0x14, 0x3A, 0x13, 0x7E, 0x3A, 0x12, 0x7E, 0x00} },   // 佳
    { 0x4F75, {0x2C, 0x02, 0x7F, 0x2A, 0x7E, 0x2A, 0x26, 0x00} },   // 併
    { 0x4F7C, {0x14, 0x7E, 0x2B, 0x46, 0x2A, 0x12, 0x6E, 0x00} },   // 佼
    { 0x4F7F, {0x14, 0x7E, 0x5B, 0x7A, 0x1E, 0x12, 0x6E, 0x00} },   // 使
    { 0x4F83, {0x7C, 0x4A, 0x7B, 0x02, 0x5A, 0x5A, 0x56, 0x00} },   // 侃
    { 0x4F8B, {0x5C, 0x6A, 0x7B, 0x76, 0x5A, 0x4A, 0x66, 0x00} },   // 例
    { 0x4F8D, {0x14, 0x3A, 0x13, 0x7E, 0x22, 0x7E, 0x2A, 0x00} },   // 侍
    { 0x4F9B, {0x2A, 0x7E, 0x2B, 0x2B, 0x7E, 0x02, 0x46, 0x00} },   // 供
    { 0x4F9D, {0x14, 0x7E, 0x13, 0x5A, 0x2E, 0x2A, 0x5A, 0x00} },   // 依
    { 0x4FA0, {0x14, 0x7E, 0x13, 0x56, 0x7E, 0x12, 0x6E, 0x00} },   // 侠
    { 0x4FA1, {0x7C, 0x12, 0x7B, 0x5A, 0x5A, 0x5A, 0x7A, 0x00} },   // 価
    { 0x4FAD, {0x7C, 0x4A, 0x3B, 0x2A, 0x56, 0x02, 0x32, 0x00} },   // 侭
    { 0x4FAE, {0x0C, 0x7A, 0x33, 0x7E, 0x2A, 0x7A, 0x22, 0x00} },   // 侮
    { 0x4FAF, {0x34, 0x22, 0x7B, 0x12, 0x7A, 0x22, 0x5A, 0x00} },   // 侯
    { 0x4FB5, {0x3C, 0x22, 0x3B, 0x7E, 0x6E, 0x12, 0x6E, 0x00} },   // 侵
    { 0x4FB6, {0x7C, 0x4A, 0x7B, 0x12, 0x7A, 0x4A, 0x7A, 0x00} },   // 侶
    { 0x4FBF, {0x7C, 0x3A, 0x3B, 0x12, 0x1A, 0x12, 0x6E, 0x00} },   // 便
    { 0x4FC2, {0x7C, 0x12, 0x0B, 0x52, 0x7E, 0x12, 0x56, 0x00} },   // 係
    { 0x4FC3, {0x7C, 0x4A, 0x7B, 0x22, 0x6A, 0x2A, 0x76, 0x00} },   // 促
    { 0x4FC4, {0x72, 0x2E, 0x7F, 0x2B, 0x6A, 0x3E, 0x4A, 0x00} },   // 俄
    { 0x4FCA, {0x4C, 0x7E, 0x2B, 0x66, 0x3A, 0x16, 0x6A, 0x00} },   // 俊
    { 0x4FD7, {0x2A, 0x46, 0x13, 0x2B, 0x46, 0x3A, 0x3A, 0x00} },   // 俗
    { 0x4FDD, {0x3C, 0x2A, 0x3B, 0x12, 0x7E, 0x3A, 0x56, 0x00} },   // 保
    { 0x4FE1, {0x34, 0x7A, 0x03, 0x32, 0x02, 0x7A, 0x7A, 0x00} },   // 信
    { 0x4FE3, {0x3C, 0x2A, 0x7F, 0x12, 0x3A, 0x12, 0x6E, 0x00} },   // 俣
    { 0x4FEE, {0x14, 0x76, 0x2F, 0x56, 0x26, 0x46, 0x32, 0x00} },   // 修
    { 0x4FF3, {0x2A, 0x6E, 0x2B, 0x6F, 0x2A, 0x6E, 0x2A, 0x00} },   // 俳
    { 0x4FF5, {0x14, 0x7E, 0x13, 0x3E, 0x5A, 0x2E, 0x5A, 0x00} },   // 俵
    { 0x4FF8, {0x14, 0x3A, 0x7F, 0x2A, 0x56, 0x3A, 0x12, 0x00} },   // 俸
    { 0x4FFA, {0x14, 0x7E, 0x2B, 0x56, 0x3A, 0x3A, 0x62, 0x00} },   // 俺
    { 0x5009, {0x08, 0x14, 0x7F, 0x1C, 0x04, 0x3A, 0x39, 0x00} },   // 倉
    { 0x500B, {0x7C, 0x56, 0x7F, 0x56, 0x6E, 0x7E, 0x7E, 0x00} },   // 個
    { 0x500D, {0x14, 0x7E, 0x2B, 0x7E, 0x02, 0x3A, 0x3A, 0x00} },   // 倍
    { 0x5012, {0x5C, 0x6A, 0x67, 0x7E, 0x4A, 0x5E, 0x62, 0x00} },   // 倒
    { 0x5016, {0x14, 0x3A, 0x7F, 0x2A, 0x7E, 0x3A, 0x12, 0x00} },   // 倖
    { 0x5019, {0x34, 0x26, 0x7F, 0x16, 0x7E, 0x26, 0x5A, 0x00} },   // 候
    { 0x501F, {0x2A, 0x7E, 0x2B, 0x7F, 0x3A, 0x2A, 0x3A, 0x00} },   // 借
    { 0x5023, {0x2A, 0x7E, 0x6B, 0x7B, 0x7A, 0x36, 0x56, 0x00} },   // 倣
    { 0x5024, {0x24, 0x7A, 0x23, 0x6A, 0x6A, 0x0A, 0x7A, 0x00} },   // 値
    { 0x5026, {0x54, 0x3A, 0x7F, 0x2A, 0x56, 0x0A, 0x3A, 0x00} },   // 倦
    { 0x502B, {0x14, 0x2A, 0x77, 0x02, 0x7E, 0x7E, 0x56, 0x00} },   // 倫
    { 0x502D, {0x3A, 0x7E, 0x3B, 0x57, 0x7E, 0x2A, 0x5E, 0x00} },   // 倭
    { 0x5036, {0x3C, 0x2A, 0x3B, 0x2A, 0x7E, 0x02, 0x46, 0x00} },   // 倶
    { 0x5039, {0x14, 0x2A, 0x7F, 0x56, 0x7E, 0x12, 0x6E, 0x00} },   // 倹
    { 0x5049, {0x14, 0x7A, 0x53, 0x7E, 0x2A, 0x7E, 0x22, 0x00} },   // 偉
    { 0x504F, {0x7C, 0x2A, 0x3B, 0x0A, 0x7A, 0x76, 0x52, 0x00} },   // 偏
    { 0x505C, {0x14, 0x7E, 0x2B, 0x7E, 0x7A, 0x12, 0x1A, 0x00} },   // 停
    { 0x5065, {0x2C, 0x7A, 0x77, 0x2A, 0x7E, 0x2A, 0x76, 0x00} },   // 健
    { 0x5072, {0x7C, 0x5A, 0x7B, 0x7A, 0x02, 0x4E, 0x76, 0x00} },   // 偲
    { 0x5074, {0x5C, 0x76, 0x7F, 0x76, 0x5E, 0x42, 0x56, 0x00} },   // 側
    { 0x5075, {0x14, 0x72, 0x3B, 0x2A, 0x3A, 0x3A, 0x46, 0x00} },   // 偵
    { 0x5076, {0x3C, 0x3A, 0x13, 0x7E, 0x56, 0x76, 0x5E, 0x00} },   // 偶
    { 0x507D, {0x2A, 0x3E, 0x33, 0x2B, 0x7E, 0x42, 0x56, 0x00} },   // 偽
    { 0x508D, {0x14, 0x7E, 0x2B, 0x7E, 0x56, 0x32, 0x2A, 0x00} },   // 傍
    { 0x5091, {0x5A, 0x76, 0x6B, 0x57, 0x7E, 0x3A, 0x56, 0x00} },   // 傑
    { 0x5098, {0x08, 0x14, 0x6B, 0x1C, 0x2A, 0x7F, 0x08, 0x00} },   // 傘
    { 0x5099, {0x2A, 0x7E, 0x2B, 0x7F, 0x06, 0x7A, 0x6A, 0x00} },   // 備
    { 0x50AC, {0x54, 0x7E, 0x2B, 0x7A, 0x2E, 0x2A, 0x7A, 0x00} },   // 催
    { 0x50AD, {0x24, 0x7E, 0x37, 0x7E, 0x6E, 0x7E, 0x6A, 0x00} },   // 傭
    { 0x50B5, {0x14, 0x3A, 0x13, 0x7E, 0x3A, 0x3A, 0x46, 0x00} },   // 債
    { 0x50B7, {0x0C, 0x7A, 0x2F, 0x3A, 0x7A, 0x56, 0x6A, 0x00} },   // 傷
    { 0x50BE, {0x74, 0x26, 0x7F, 0x56, 0x76, 0x0E, 0x52, 0x00} },   // 傾
    { 0x50C5, {0x2A, 0x7E, 0x2B, 0x7F, 0x7E, 0x12, 0x7E, 0x00} },   // 僅
    { 0x50CD, {0x2C, 0x7A, 0x6F, 0x6E, 0x6A, 0x5E, 0x52, 0x00} },   // 働
    { 0x50CF, {0x34, 0x2E, 0x3B, 0x3A, 0x5A, 0x36, 0x5A, 0x00} },   // 像
    { 0x50D1, {0x3A, 0x7E, 0x2B, 0x57, 0x7E, 0x46, 0x56, 0x00} },   // 僑
    { 0x50D5, {0x54, 0x7E, 0x2B, 0x7E, 0x3A, 0x12, 0x6E, 0x00} },   // 僕
    { 0x50DA, {0x14, 0x7E, 0x2B, 0x7E, 0x2A, 0x12, 0x56, 0x00} },   // 僚
    { 0x50E7, {0x2A, 0x7E, 0x57, 0x7F, 0x3A, 0x2A, 0x3A, 0x00} },   // 僧
    { 0x50FB, {0x24, 0x7E, 0x5F, 0x76, 0x2E, 0x7E, 0x22, 0x00} },   // 僻
    { 0x5100, {0x2A, 0x7E, 0x13, 0x7F, 0x6A, 0x3E, 0x4A, 0x00} },   // 儀
    { 0x5104, {0x14, 0x7E, 0x2B, 0x7E, 0x3A, 0x4E, 0x76, 0x00} },   // 億
    { 0x5112, {0x3A, 0x7E, 0x57, 0x3B, 0x12, 0x7E, 0x56, 0x00} },   // 儒
    { 0x511F, {0x54, 0x3A, 0x6F, 0x3A, 0x3A, 0x3A, 0x46, 0x00} },   // 償
    { 0x512A, {0x7C, 0x3A, 0x3B, 0x7E, 0x6E, 0x12, 0x6E, 0x00} },   // 優
    { 0x5132, {0x24, 0x7E, 0x23, 0x76, 0x12, 0x6E, 0x6E, 0x00} },   // 儲
    { 0x5141, {0x08, 0x24, 0x5F, 0x14, 0x14, 0x52, 0x71, 0x00} },   // 允
    { 0x5143, {0x3E, 0x00, 0x7F, 0x14, 0x14, 0x52, 0x71, 0x00} },   // 元
    { 0x5144, {0x3E, 0x22, 0x22, 0x3E, 0x14, 0x54, 0x73, 0x00} },   // 兄
    { 0x5145, {0x08, 0x7F, 0x14, 0x2E, 0x14, 0x54, 0x73, 0x00} },   // 充
    { 0x5146, {0x14, 0x55, 0x34, 0x36, 0x55, 0x14, 0x73, 0x00} },   // 兆
    { 0x5147, {0x36, 0x2A, 0x36, 0x22, 0x3E, 0x54, 0x73, 0x00} },   // 兇
    { 0x5148, {0x0A, 0x3E, 0x09, 0x7F, 0x14, 0x54, 0x73, 0x00} },   // 先
    { 0x5149, {0x08, 0x2A, 0x08, 0x7F, 0x14, 0x54, 0x73, 0x00} },   // 光
    { 0x514B, {0x08, 0x7F, 0x3E, 0x22, 0x3E, 0x54, 0x73, 0x00} },   // 克
    { 0x514D, {0x1C, 0x13, 0x3E, 0x2A, 0x3E, 0x54, 0x73, 0x00} },   // 免
    { 0x514E, {0x30, 0x0F, 0x3E, 0x2A, 0x3E, 0x54, 0x73, 0x00} },   // 兎
    { 0x5150, {0x3A, 0x2A, 0x3A, 0x2A, 0x3A, 0x54, 0x73, 0x00} },   // 児
    { 0x515A, {0x2A, 0x7F, 0x5D, 0x14, 0x1C, 0x54, 0x73, 0x00} },   // 党
    { 0x515C, {0x6A, 0x55, 0x5D, 0x55, 0x7F, 0x14, 0x73, 0x00} },   // 兜
    { 0x5165, {0x0E, 0x08, 0x08, 0x14, 0x14, 0x22, 0x41, 0x00} },   // 入
    { 0x5168, {0x08, 0x14, 0x7F, 0x08, 0x3E, 0x08, 0x7F, 0x00} },   // 全
    { 0x516B, {0x14, 0x14, 0x14, 0x14, 0x22, 0x22, 0x41, 0x00} },   // 八
    { 0x516C, {0x14, 0x14, 0x22, 0x49, 0x08, 0x24, 0x5F, 0x00} },   // 公
    { 0x516D, {0x08, 0x7F, 0x00, 0x14, 0x14, 0x22, 0x41, 0x00} },   // 六
    { 0x5171, {0x14, 0x3E, 0x14, 0x14, 0x7F, 0x00, 0x63, 0x00} },   // 共
    { 0x5175, {0x30, 0x0E, 0x3E, 0x12, 0x7F, 0x00, 0x63, 0x00} },   // 兵
    { 0x5176, {0x14, 0x7F, 0x14, 0x1C, 0x7F, 0x00, 0x63, 0x00} },   // 其
    { 0x5177, {0x3E, 0x22, 0x3E, 0x22, 0x7F, 0x00, 0x63, 0x00} },   // 具
    { 0x5178, {0x14, 0x3E, 0x36, 0x3E, 0x7F, 0x00, 0x63, 0x00} },   // 典
    { 0x517C, {0x24, 0x7F, 0x1E, 0x74, 0x1F, 0x36, 0x55, 0x00} },   // 兼
    { 0x5185, {0x08, 0x7F, 0x49, 0x55, 0x63, 0x41, 0x61, 0x00} },   // 内
    { 0x5186, {0x7F, 0x49, 0x49, 0x7F, 0x41, 0x41, 0x61, 0x00} },   // 円
    { 0x518A, {0x7E, 0x56, 0x56, 0x7F, 0x56, 0x56, 0x42, 0x00} },   // 冊
    { 0x518D, {0x7F, 0x2A, 0x3E, 0x2A, 0x7F, 0x22, 0x32, 0x00} },   // 再
    { 0x5192, {0x7F, 0x41, 0x7F, 0x22, 0x3E, 0x22, 0x3E, 0x00} },   // 冒
    { 0x5197, {0x7F, 0x41, 0x1C, 0x14, 0x14, 0x52, 0x71, 0x00} },   // 冗
    { 0x5199, {0x7F, 0x45, 0x3C, 0x04, 0x7F, 0x10, 0x18, 0x00} },   // 写
    { 0x51A0, {0x7F, 0x41, 0x26, 0x70, 0x2F, 0x36, 0x7D, 0x00} },   // 冠
    { 0x51A5, {0x7F, 0x5D, 0x14, 0x1C, 0x7F, 0x00, 0x63, 0x00} },   // 冥
    { 0x51A8, {0x7F, 0x5D, 0x14, 0x1C, 0x3E, 0x2A, 0x3E, 0x00} },   // 冨
    { 0x51AC, {0x18, 0x16, 0x08, 0x14, 0x6B, 0x0C, 0x30, 0x00} },   // 冬
    { 0x51B4, {0x79, 0x28, 0x28, 0x7C, 0x31, 0x2D, 0x31, 0x00} },   // 冴
    { 0x51B6, {0x11, 0x10, 0x28, 0x5C, 0x01, 0x39, 0x39, 0x00} },   // 冶
    { 0x51B7, {0x11, 0x28, 0x74, 0x00, 0x7D, 0x51, 0x11, 0x00} },   // 冷
    { 0x51C4, {0x11, 0x7C, 0x30, 0x38, 0x7D, 0x29, 0x5D, 0x00} },   // 凄
    { 0x51C6, {0x29, 0x78, 0x2C, 0x78, 0x29, 0x29, 0x79, 0x00} },   // 准
    { 0x51CB, {0x7D, 0x54, 0x7C, 0x54, 0x6D, 0x7D, 0x45, 0x00} },   // 凋
    { 0x51CC, {0x11, 0x38, 0x10, 0x7C, 0x29, 0x15, 0x6B, 0x00} },   // 凌
    { 0x51CD, {0x11, 0x7C, 0x38, 0x38, 0x11, 0x39, 0x55, 0x00} },   // 凍
    { 0x51DD, {0x65, 0x5C, 0x64, 0x38, 0x7D, 0x29, 0x55, 0x00} },   // 凝
    { 0x51E1, {0x3E, 0x22, 0x26, 0x2A, 0x2A, 0x22, 0x61, 0x00} },   // 凡
    { 0x51E6, {0x02, 0x3E, 0x2A, 0x2B, 0x64, 0x0A, 0x71, 0x00} },   // 処
    { 0x51E7, {0x3E, 0x22, 0x2A, 0x3E, 0x3E, 0x2A, 0x69, 0x00} },   // 凧
    { 0x51EA, {0x3E, 0x22, 0x2A, 0x3A, 0x2E, 0x3E, 0x61, 0x00} },   // 凪
    { 0x51F1, {0x75, 0x5F, 0x50, 0x5F, 0x5A, 0x54, 0x4F, 0x00} },   // 凱
    { 0x51F6, {0x41, 0x51, 0x55, 0x49, 0x55, 0x43, 0x7F, 0x00} },   // 凶
    { 0x51F8, {0x1C, 0x14, 0x14, 0x77, 0x41, 0x41, 0x7F, 0x00} },   // 凸
    { 0x51F9, {0x77, 0x55, 0x55, 0x5D, 0x41, 0x41, 0x7F, 0x00} },   // 凹
    { 0x51FA, {0x08, 0x2A, 0x2A, 0x3E, 0x49, 0x49, 0x7F, 0x00} },   // 出
    { 0x51FD, {0x7F, 0x04, 0x4D, 0x6B, 0x5D, 0x6B, 0x7F, 0x00} },   // 函
    { 0x5200, {0x7F, 0x48, 0x48, 0x44, 0x44, 0x42, 0x61, 0x00} },   // 刀
    { 0x5203, {0x7F, 0x48, 0x4E, 0x48, 0x54, 0x42, 0x61, 0x00} },   // 刃
    { 0x5206, {0x14, 0x14, 0x22, 0x7D, 0x28, 0x24, 0x33, 0x00} },   // 分
    { 0x5207, {0x7A, 0x52, 0x57, 0x52, 0x52, 0x56, 0x68, 0x00} },   // 切
    { 0x5208, {0x48, 0x58, 0x5A, 0x54, 0x44, 0x4A, 0x61, 0x00} },   // 刈
    { 0x520A, {0x4E, 0x54, 0x54, 0x5F, 0x44, 0x44, 0x64, 0x00} },   // 刊
    { 0x5211, {0x5F, 0x6A, 0x6A, 0x7F, 0x4A, 0x4A, 0x69, 0x00} },   // 刑
    { 0x5217, {0x4F, 0x52, 0x56, 0x55, 0x46, 0x42, 0x61, 0x00} },   // 列
    { 0x521D, {0x7A, 0x57, 0x54, 0x52, 0x57, 0x56, 0x6A, 0x00} },   // 初
    { 0x5224, {0x44, 0x55, 0x44, 0x5F, 0x44, 0x5F, 0x64, 0x00} },   // 判
    { 0x5225, {0x4F, 0x59, 0x5F, 0x52, 0x4E, 0x4A, 0x6D, 0x00} },   // 別
    { 0x5229, {0x4E, 0x54, 0x5F, 0x54, 0x4E, 0x45, 0x64, 0x00} },   // 利
    { 0x5230, {0x4F, 0x54, 0x5A, 0x5F, 0x46, 0x4C, 0x63, 0x00} },   // 到
    { 0x5236, {0x46, 0x5E, 0x55, 0x5E, 0x44, 0x5F, 0x55, 0x00} },   // 制
    { 0x5237, {0x5E, 0x52, 0x5E, 0x4A, 0x5E, 0x5A, 0x69, 0x00} },   // 刷
    { 0x5238, {0x2A, 0x1C, 0x7F, 0x22, 0x7D, 0x28, 0x36, 0x00} },   // 券
    { 0x523A, {0x44, 0x5F, 0x44, 0x5F, 0x55, 0x4E, 0x55, 0x00} },   // 刺
    { 0x523B, {0x44, 0x5F, 0x52, 0x55, 0x4A, 0x44, 0x6B, 0x00} },   // 刻
    { 0x5243, {0x4A, 0x5F, 0x54, 0x5F, 0x45, 0x5E, 0x55, 0x00} },   // 剃
    { 0x5247, {0x47, 0x55, 0x57, 0x55, 0x47, 0x40, 0x65, 0x00} },   // 則
    { 0x524A, {0x4D, 0x54, 0x5F, 0x59, 0x4F, 0x49, 0x6D, 0x00} },   // 削
    { 0x524D, {0x24, 0x7F, 0x00, 0x57, 0x55, 0x47, 0x65, 0x00} },   // 前
    { 0x5256, {0x44, 0x5F, 0x5A, 0x5F, 0x40, 0x4E, 0x6E, 0x00} },   // 剖
    { 0x525B, {0x5F, 0x71, 0x7B, 0x75, 0x5B, 0x5F, 0x51, 0x00} },   // 剛
    { 0x5263, {0x44, 0x6A, 0x7F, 0x75, 0x5F, 0x44, 0x5B, 0x00} },   // 剣
    { 0x5264, {0x44, 0x5F, 0x5A, 0x54, 0x5B, 0x4E, 0x69, 0x00} },   // 剤
    { 0x5265, {0x46, 0x54, 0x5F, 0x54, 0x55, 0x4E, 0x55, 0x00} },   // 剥
    { 0x526F, {0x5F, 0x6A, 0x6E, 0x60, 0x5F, 0x55, 0x5F, 0x00} },   // 副
    { 0x5270, {0x48, 0x66, 0x7F, 0x6A, 0x5F, 0x4E, 0x55, 0x00} },   // 剰
    { 0x5272, {0x44, 0x5F, 0x55, 0x5E, 0x44, 0x5F, 0x6E, 0x00} },   // 割
    { 0x5275, {0x44, 0x5A, 0x57, 0x56, 0x42, 0x4E, 0x6D, 0x00} },   // 創
    { 0x5283, {0x44, 0x4F, 0x5C, 0x4F, 0x4E, 0x5E, 0x67, 0x00} },   // 劃
    { 0x5287, {0x44, 0x5C, 0x57, 0x5B, 0x4D, 0x5B, 0x6D, 0x00} },   // 劇
    { 0x5289, {0x5A, 0x59, 0x57, 0x4A, 0x55, 0x4E, 0x5F, 0x00} },   // 劉
    { 0x529B, {0x08, 0x7F, 0x48, 0x44, 0x44, 0x42, 0x61, 0x00} },   // 力
    { 0x529F, {0x10, 0x7F, 0x52, 0x52, 0x56, 0x53, 0x68, 0x00} },   // 功
    { 0x52A0, {0x02, 0x7F, 0x5A, 0x5A, 0x5A, 0x5A, 0x7D, 0x00} },   // 加
    { 0x52A3, {0x08, 0x2A, 0x59, 0x0C, 0x7F, 0x44, 0x63, 0x00} },   // 劣
    { 0x52A9, {0x2E, 0x7A, 0x6E, 0x6A, 0x6E, 0x5A, 0x57, 0x00} },   // 助
    { 0x52AA, {0x74, 0x5F, 0x2A, 0x56, 0x3D, 0x28, 0x36, 0x00} },   // 努
    { 0x52AB, {0x14, 0x7E, 0x54, 0x5F, 0x54, 0x5A, 0x6F, 0x00} },   // 劫
    { 0x52B1, {0x2F, 0x71, 0x6F, 0x65, 0x6D, 0x5B, 0x5B, 0x00} },   // 励
    { 0x52B4, {0x2A, 0x7F, 0x49, 0x3E, 0x28, 0x24, 0x33, 0x00} },   // 労
    { 0x52B9, {0x14, 0x7F, 0x5A, 0x51, 0x5A, 0x54, 0x6B, 0x00} },   // 効
    { 0x52BE, {0x14, 0x7F, 0x52, 0x55, 0x5A, 0x54, 0x6B, 0x00} },   // 劾
    { 0x52C3, {0x24, 0x76, 0x6F, 0x69, 0x64, 0x5F, 0x56, 0x00} },   // 勃
    { 0x52C5, {0x24, 0x7F, 0x76, 0x7E, 0x64, 0x5E, 0x55, 0x00} },   // 勅
    { 0x52C7, {0x3E, 0x10, 0x3E, 0x2A, 0x7F, 0x44, 0x63, 0x00} },   // 勇
    { 0x52C9, {0x26, 0x75, 0x6E, 0x6E, 0x54, 0x56, 0x7D, 0x00} },   // 勉
    { 0x52D5, {0x17, 0x7A, 0x57, 0x57, 0x57, 0x52, 0x6F, 0x00} },   // 動
    { 0x52D8, {0x2A, 0x7F, 0x6A, 0x6A, 0x6F, 0x55, 0x5F, 0x00} },   // 勘
    { 0x52D9, {0x17, 0x74, 0x2A, 0x57, 0x7E, 0x55, 0x6E, 0x00} },   // 務
    { 0x52DD, {0x6F, 0x25, 0x7F, 0x35, 0x7F, 0x55, 0x6D, 0x00} },   // 勝
    { 0x52DF, {0x14, 0x7F, 0x1C, 0x7F, 0x3E, 0x55, 0x1A, 0x00} },   // 募
    { 0x52E2, {0x14, 0x3E, 0x37, 0x6E, 0x3D, 0x28, 0x36, 0x00} },   // 勢
    { 0x52E4, {0x2A, 0x7F, 0x6A, 0x6F, 0x6F, 0x54, 0x5F, 0x00} },   // 勤
    { 0x52E7, {0x12, 0x7E, 0x55, 0x5E, 0x57, 0x56, 0x6E, 0x00} },   // 勧
    { 0x52F2, {0x16, 0x7F, 0x56, 0x56, 0x6F, 0x00, 0x55, 0x00} },   // 勲
    { 0x52FA, {0x04, 0x7C, 0x42, 0x45, 0x48, 0x40, 0x60, 0x00} },   // 勺
    { 0x52FE, {0x04, 0x7C, 0x4A, 0x49, 0x54, 0x6E, 0x40, 0x00} },   // 勾
    { 0x52FF, {0x02, 0x7E, 0x55, 0x54, 0x52, 0x49, 0x64, 0x00} },   // 勿
    { 0x5301, {0x04, 0x7C, 0x4A, 0x4D, 0x78, 0x44, 0x63, 0x00} },   // 匁
    { 0x5302, {0x04, 0x7C, 0x46, 0x5D, 0x44, 0x5C, 0x60, 0x00} },   // 匂
    { 0x5305, {0x02, 0x7E, 0x5D, 0x50, 0x5E, 0x02, 0x7E, 0x00} },   // 包
    { 0x5316, {0x0C, 0x0A, 0x4B, 0x3A, 0x0A, 0x4A, 0x7A, 0x00} },   // 化
    { 0x5317, {0x14, 0x14, 0x57, 0x34, 0x16, 0x55, 0x74, 0x00} },   // 北
    { 0x5319, {0x16, 0x56, 0x3F, 0x14, 0x5E, 0x76, 0x79, 0x00} },   // 匙
    { 0x531D, {0x7F, 0x11, 0x7D, 0x55, 0x55, 0x11, 0x7F, 0x00} },   // 匝
    { 0x5320, {0x7F, 0x31, 0x0D, 0x7D, 0x15, 0x13, 0x7F, 0x00} },   // 匠
    { 0x5321, {0x7F, 0x3D, 0x11, 0x39, 0x11, 0x3D, 0x7F, 0x00} },   // 匡
    { 0x532A, {0x7F, 0x29, 0x6F, 0x29, 0x6F, 0x25, 0x7F, 0x00} },   // 匪
    { 0x5339, {0x7F, 0x15, 0x15, 0x55, 0x73, 0x01, 0x7F, 0x00} },   // 匹
    { 0x533A, {0x7F, 0x21, 0x2D, 0x11, 0x29, 0x05, 0x7F, 0x00} },   // 区
    { 0x533B, {0x7F, 0x09, 0x39, 0x7D, 0x11, 0x6D, 0x7F, 0x00} },   // 医
    { 0x533F, {0x7F, 0x15, 0x7F, 0x0D, 0x3B, 0x29, 0x7F, 0x00} },   // 匿
    { 0x5341, {0x08, 0x08, 0x7F, 0x08, 0x08, 0x08, 0x08, 0x00} },   // 十
    { 0x5343, {0x30, 0x0E, 0x08, 0x7F, 0x08, 0x08, 0x08, 0x00} },   // 千
    { 0x5347, {0x28, 0x27, 0x24, 0x7F, 0x24, 0x24, 0x22, 0x00} },   // 升
    { 0x5348, {0x02, 0x3E, 0x09, 0x08, 0x7F, 0x08, 0x08, 0x00} },   // 午
    { 0x534A, {0x08, 0x2A, 0x08, 0x3E, 0x08, 0x7F, 0x08, 0x00} },   // 半
    { 0x5351, {0x08, 0x3E, 0x2A, 0x3E, 0x14, 0x7F, 0x10, 0x00} },   // 卑
    { 0x5352, {0x08, 0x7F, 0x22, 0x22, 0x55, 0x7F, 0x08, 0x00} },   // 卒
    { 0x5353, {0x08, 0x78, 0x3E, 0x22, 0x3E, 0x7F, 0x08, 0x00} },   // 卓
    { 0x5354, {0x12, 0x7A, 0x57, 0x02, 0x52, 0x7E, 0x6A, 0x00} },   // 協
    { 0x5357, {0x08, 0x7F, 0x08, 0x7F, 0x55, 0x7F, 0x49, 0x00} },   // 南
    { 0x5358, {0x2A, 0x3E, 0x2A, 0x3E, 0x2A, 0x7F, 0x08, 0x00} },   // 単
    { 0x535A, {0x52, 0x7E, 0x3B, 0x3A, 0x7E, 0x2A, 0x32, 0x00} },   // 博
    { 0x535C, {0x04, 0x04, 0x0C, 0x14, 0x24, 0x04, 0x04, 0x00} },   // 卜
    { 0x5360, {0x08, 0x08, 0x78, 0x08, 0x7E, 0x42, 0x7E, 0x00} },   // 占
    { 0x5366, {0x14, 0x1E, 0x14, 0x3F, 0x56, 0x1C, 0x13, 0x00} },   // 卦
    { 0x536F, {0x74, 0x53, 0x55, 0x55, 0x57, 0x14, 0x12, 0x00} },   // 卯
    { 0x5370, {0x74, 0x53, 0x51, 0x57, 0x51, 0x17, 0x10, 0x00} },   // 印
    { 0x5371, {0x1C, 0x13, 0x7E, 0x3A, 0x2A, 0x4A, 0x79, 0x00} },   // 危
    { 0x5373, {0x77, 0x55, 0x57, 0x55, 0x57, 0x19, 0x17, 0x00} },   // 即
    { 0x5374, {0x74, 0x5E, 0x54, 0x5F, 0x54, 0x1A, 0x17, 0x00} },   // 却
    { 0x5375, {0x74, 0x53, 0x77, 0x55, 0x57, 0x14, 0x12, 0x00} },   // 卵
    { 0x5378, {0x72, 0x5E, 0x55, 0x5F, 0x54, 0x1D, 0x13, 0x00} },   // 卸
    { 0x537F, {0x62, 0x7D, 0x75, 0x7D, 0x67, 0x36, 0x2D, 0x00} },   // 卿
    { 0x5384, {0x7E, 0x02, 0x3A, 0x2A, 0x2A, 0x4A, 0x79, 0x00} },   // 厄
    { 0x5398, {0x7E, 0x56, 0x7E, 0x56, 0x7E, 0x12, 0x7D, 0x00} },   // 厘
    { 0x539A, {0x7E, 0x3A, 0x3A, 0x22, 0x7E, 0x12, 0x19, 0x00} },   // 厚
    { 0x539F, {0x7E, 0x12, 0x3A, 0x3A, 0x12, 0x56, 0x19, 0x00} },   // 原
    { 0x53A8, {0x7E, 0x02, 0x5E, 0x76, 0x4E, 0x5A, 0x6D, 0x00} },   // 厨
    { 0x53A9, {0x7E, 0x7A, 0x56, 0x56, 0x7A, 0x36, 0x69, 0x00} },   // 厩
    { 0x53AD, {0x7E, 0x2E, 0x72, 0x2E, 0x2E, 0x2E, 0x5D, 0x00} },   // 厭
    { 0x53B3, {0x2A, 0x7E, 0x06, 0x6E, 0x5A, 0x2E, 0x59, 0x00} },   // 厳
    { 0x53BB, {0x08, 0x3E, 0x08, 0x7F, 0x08, 0x24, 0x5F, 0x00} },   // 去
    { 0x53C2, {0x14, 0x2E, 0x7F, 0x2A, 0x45, 0x10, 0x0E, 0x00} },   // 参
    { 0x53C8, {0x3E, 0x20, 0x24, 0x14, 0x08, 0x14, 0x63, 0x00} },   // 又
    { 0x53C9, {0x3E, 0x28, 0x22, 0x14, 0x08, 0x14, 0x63, 0x00} },   // 叉
    { 0x53CA, {0x1F, 0x14, 0x34, 0x24, 0x2A, 0x12, 0x6D, 0x00} },   // 及
    { 0x53CB, {0x04, 0x7F, 0x04, 0x3C, 0x2A, 0x12, 0x6D, 0x00} },   // 友
    { 0x53CC, {0x7F, 0x48, 0x5A, 0x54, 0x24, 0x2A, 0x51, 0x00} },   // 双
    { 0x53CD, {0x7E, 0x02, 0x3E, 0x2A, 0x2A, 0x12, 0x6D, 0x00} },   // 反
    { 0x53CE, {0x74, 0x45, 0x55, 0x55, 0x2D, 0x27, 0x54, 0x00} },   // 収
    { 0x53D4, {0x74, 0x4C, 0x54, 0x5F, 0x24, 0x2D, 0x56, 0x00} },   // 叔
    { 0x53D6, {0x0F, 0x7A, 0x4E, 0x5E, 0x2A, 0x5F, 0x08, 0x00} },   // 取
    { 0x53D7, {0x7F, 0x2A, 0x7F, 0x5D, 0x14, 0x08, 0x77, 0x00} },   // 受
    { 0x53D9, {0x74, 0x4A, 0x5F, 0x54, 0x2F, 0x24, 0x55, 0x00} },   // 叙
    { 0x53DB, {0x75, 0x12, 0x77, 0x52, 0x57, 0x2A, 0x51, 0x00} },   // 叛
    { 0x53E1, {0x74, 0x4C, 0x5F, 0x55, 0x2A, 0x2D, 0x5C, 0x00} },   // 叡
    { 0x53E2, {0x55, 0x7F, 0x14, 0x7F, 0x5E, 0x27, 0x54, 0x00} },   // 叢
    { 0x53E3, {0x00, 0x7E, 0x42, 0x42, 0x42, 0x7E, 0x42, 0x00} },   // 口
    { 0x53E4, {0x08, 0x08, 0x7F, 0x08, 0x3E, 0x22, 0x3E, 0x00} },   // 古
    { 0x53E5, {0x04, 0x7C, 0x42, 0x5D, 0x54, 0x5C, 0x60, 0x00} },   // 句
    { 0x53E9, {0x78, 0x4F, 0x4D, 0x4D, 0x6F, 0x08, 0x08, 0x00} },   // 叩
    { 0x53EA, {0x3E, 0x22, 0x22, 0x3E, 0x00, 0x14, 0x63, 0x00} },   // 只
    { 0x53EB, {0x20, 0x2B, 0x2B, 0x2B, 0x6B, 0x3C, 0x20, 0x00} },   // 叫
    { 0x53EC, {0x7F, 0x48, 0x44, 0x63, 0x3E, 0x22, 0x3E, 0x00} },   // 召
    { 0x53EF, {0x7F, 0x20, 0x2E, 0x2A, 0x2E, 0x20, 0x30, 0x00} },   // 可
    { 0x53F0, {0x08, 0x08, 0x24, 0x5F, 0x00, 0x3E, 0x3E, 0x00} },   // 台
    { 0x53F1, {0x08, 0x0F, 0x4D, 0x3D, 0x0F, 0x48, 0x78, 0x00} },   // 叱
    { 0x53F2, {0x08, 0x3E, 0x2A, 0x3E, 0x0C, 0x08, 0x77, 0x00} },   // 史
    { 0x53F3, {0x04, 0x7F, 0x04, 0x3E, 0x25, 0x24, 0x3C, 0x00} },   // 右
    { 0x53F6, {0x20, 0x27, 0x7D, 0x25, 0x27, 0x20, 0x20, 0x00} },   // 叶
    { 0x53F7, {0x1C, 0x14, 0x7F, 0x04, 0x3C, 0x20, 0x38, 0x00} },   // 号
    { 0x53F8, {0x7F, 0x40, 0x5E, 0x40, 0x5E, 0x5E, 0x60, 0x00} },   // 司
    { 0x5403, {0x08, 0x7B, 0x37, 0x23, 0x13, 0x48, 0x70, 0x00} },   // 吃
    { 0x5404, {0x18, 0x16, 0x08, 0x14, 0x63, 0x1C, 0x1C, 0x00} },   // 各
    { 0x5408, {0x08, 0x14, 0x7B, 0x00, 0x3E, 0x22, 0x3E, 0x00} },   // 合
    { 0x5409, {0x08, 0x7F, 0x08, 0x3E, 0x00, 0x3E, 0x3E, 0x00} },   // 吉
    { 0x540A, {0x3E, 0x22, 0x3E, 0x7F, 0x49, 0x69, 0x08, 0x00} },   // 吊
    { 0x540B, {0x20, 0x7F, 0x25, 0x2D, 0x37, 0x20, 0x30, 0x00} },   // 吋
    { 0x540C, {0x7F, 0x41, 0x5D, 0x41, 0x5D, 0x55, 0x5D, 0x00} },   // 同
    { 0x540D, {0x3C, 0x24, 0x1A, 0x08, 0x7C, 0x4B, 0x78, 0x00} },   // 名
    { 0x540E, {0x30, 0x0E, 0x02, 0x7E, 0x02, 0x3A, 0x39, 0x00} },   // 后
    { 0x540F, {0x08, 0x7F, 0x2A, 0x3E, 0x0C, 0x08, 0x77, 0x00} },   // 吏
    { 0x5410, {0x20, 0x27, 0x7D, 0x25, 0x27, 0x20, 0x78, 0x00} },   // 吐
    { 0x5411, {0x08, 0x7F, 0x41, 0x5D, 0x55, 0x5D, 0x61, 0x00} },   // 向
    { 0x541B, {0x3E, 0x28, 0x7F, 0x28, 0x7C, 0x47, 0x7C, 0x00} },   // 君
    { 0x541F, {0x10, 0x2F, 0x75, 0x05, 0x7F, 0x20, 0x18, 0x00} },   // 吟
    { 0x5420, {0x50, 0x17, 0x7D, 0x15, 0x17, 0x28, 0x44, 0x00} },   // 吠
    { 0x5426, {0x7F, 0x08, 0x2C, 0x4B, 0x3E, 0x22, 0x3E, 0x00} },   // 否
    { 0x542B, {0x08, 0x14, 0x7F, 0x10, 0x3E, 0x22, 0x3E, 0x00} },   // 含
    { 0x5438, {0x3C, 0x2B, 0x6B, 0x4B, 0x57, 0x24, 0x5A, 0x00} },   // 吸
    { 0x5439, {0x08, 0x7B, 0x57, 0x13, 0x13, 0x28, 0x44, 0x00} },   // 吹
    { 0x543B, {0x08, 0x7F, 0x75, 0x75, 0x6D, 0x57, 0x68, 0x00} },   // 吻
    { 0x543E, {0x3E, 0x08, 0x1E, 0x14, 0x7F, 0x22, 0x3E, 0x00} },   // 吾
    { 0x5442, {0x3C, 0x24, 0x3C, 0x08, 0x7E, 0x42, 0x7E, 0x00} },   // 呂
    { 0x5446, {0x3E, 0x22, 0x3E, 0x08, 0x7F, 0x1C, 0x6B, 0x00} },   // 呆
    { 0x5448, {0x3E, 0x22, 0x7F, 0x08, 0x3E, 0x08, 0x7F, 0x00} },   // 呈
    { 0x5449, {0x3C, 0x25, 0x3F, 0x10, 0x7F, 0x00, 0x63, 0x00} },   // 呉
    { 0x544A, {0x0A, 0x3E, 0x09, 0x7F, 0x00, 0x3E, 0x3E, 0x00} },   // 告
    { 0x5451, {0x30, 0x0E, 0x7F, 0x22, 0x5D, 0x14, 0x1C, 0x00} },   // 呑
    { 0x5468, {0x7E, 0x4A, 0x5E, 0x4A, 0x7E, 0x56, 0x5D, 0x00} },   // 周
    { 0x546A, {0x7C, 0x47, 0x45, 0x7D, 0x2F, 0x28, 0x66, 0x00} },   // 呪
    { 0x5473, {0x10, 0x3F, 0x15, 0x7D, 0x17, 0x38, 0x54, 0x00} },   // 味
    { 0x547C, {0x60, 0x1F, 0x57, 0x13, 0x7F, 0x10, 0x18, 0x00} },   // 呼
    { 0x547D, {0x08, 0x14, 0x7B, 0x00, 0x77, 0x57, 0x10, 0x00} },   // 命
    { 0x548B, {0x10, 0x77, 0x1D, 0x75, 0x17, 0x70, 0x10, 0x00} },   // 咋
    { 0x548C, {0x0E, 0x74, 0x5F, 0x54, 0x5E, 0x55, 0x74, 0x00} },   // 和
    { 0x54B2, {0x28, 0x07, 0x7D, 0x15, 0x7F, 0x10, 0x6C, 0x00} },   // 咲
    { 0x54B3, {0x20, 0x7F, 0x15, 0x2D, 0x57, 0x20, 0x58, 0x00} },   // 咳
    { 0x54BD, {0x7C, 0x57, 0x7D, 0x55, 0x6F, 0x44, 0x7C, 0x00} },   // 咽
    { 0x54C0, {0x08, 0x7F, 0x22, 0x3E, 0x54, 0x27, 0x4C, 0x00} },   // 哀
    { 0x54C1, {0x3E, 0x22, 0x3E, 0x00, 0x77, 0x55, 0x77, 0x00} },   // 品
    { 0x54C9, {0x14, 0x5E, 0x14, 0x7F, 0x60, 0x26, 0x56, 0x00} },   // 哉
    { 0x54E1, {0x1C, 0x14, 0x3E, 0x3E, 0x22, 0x3E, 0x63, 0x00} },   // 員
    { 0x54E8, {0x68, 0x27, 0x7D, 0x4D, 0x7F, 0x48, 0x68, 0x00} },   // 哨
    { 0x54E9, {0x7C, 0x57, 0x7D, 0x55, 0x7F, 0x10, 0x7C, 0x00} },   // 哩
    { 0x54F2, {0x22, 0x1B, 0x7A, 0x2B, 0x3E, 0x22, 0x3E, 0x00} },   // 哲
    { 0x5504, {0x78, 0x4F, 0x7D, 0x4D, 0x7F, 0x00, 0x48, 0x00} },   // 唄
    { 0x5506, {0x48, 0x7F, 0x2B, 0x67, 0x3B, 0x14, 0x68, 0x00} },   // 唆
    { 0x5507, {0x7E, 0x3A, 0x7E, 0x16, 0x6D, 0x3C, 0x3C, 0x00} },   // 唇
    { 0x5510, {0x10, 0x7E, 0x3A, 0x72, 0x3E, 0x2A, 0x39, 0x00} },   // 唐
    { 0x5516, {0x7C, 0x2B, 0x7D, 0x6D, 0x7F, 0x28, 0x7C, 0x00} },   // 唖
    { 0x552F, {0x28, 0x7B, 0x2F, 0x7B, 0x2B, 0x28, 0x78, 0x00} },   // 唯
    { 0x5531, {0x38, 0x2F, 0x7D, 0x45, 0x7F, 0x44, 0x7C, 0x00} },   // 唱
    { 0x553E, {0x38, 0x13, 0x7F, 0x2B, 0x7F, 0x10, 0x7C, 0x00} },   // 唾
    { 0x5544, {0x7C, 0x0B, 0x5B, 0x37, 0x3B, 0x54, 0x18, 0x00} },   // 啄
    { 0x5546, {0x08, 0x7F, 0x24, 0x7F, 0x55, 0x7B, 0x59, 0x00} },   // 商
    { 0x554F, {0x77, 0x55, 0x77, 0x41, 0x5D, 0x55, 0x5D, 0x00} },   // 問
    { 0x5553, {0x6F, 0x5A, 0x2E, 0x51, 0x3E, 0x22, 0x3E, 0x00} },   // 啓
    { 0x5584, {0x24, 0x7F, 0x08, 0x7F, 0x2A, 0x7F, 0x3E, 0x00} },   // 善
    { 0x5589, {0x34, 0x27, 0x7D, 0x15, 0x7F, 0x24, 0x5C, 0x00} },   // 喉
    { 0x558B, {0x54, 0x7F, 0x75, 0x05, 0x7F, 0x38, 0x54, 0x00} },   // 喋
    { 0x559A, {0x38, 0x27, 0x3B, 0x3B, 0x7F, 0x10, 0x6C, 0x00} },   // 喚
    { 0x559C, {0x08, 0x7F, 0x3E, 0x14, 0x7F, 0x22, 0x3E, 0x00} },   // 喜
    { 0x559D, {0x38, 0x2B, 0x3B, 0x7B, 0x4F, 0x58, 0x60, 0x00} },   // 喝
    { 0x55A7, {0x10, 0x7F, 0x77, 0x03, 0x3B, 0x28, 0x7C, 0x00} },   // 喧
    { 0x55AA, {0x08, 0x7F, 0x6E, 0x08, 0x7F, 0x12, 0x67, 0x00} },   // 喪
    { 0x55AB, {0x68, 0x7F, 0x6B, 0x5F, 0x3B, 0x10, 0x6C, 0x00} },   // 喫
    { 0x55AC, {0x1C, 0x7F, 0x14, 0x6B, 0x7F, 0x55, 0x5D, 0x00} },   // 喬
    { 0x55B0, {0x10, 0x2B, 0x57, 0x1B, 0x5B, 0x28, 0x5C, 0x00} },   // 喰
    { 0x55B6, {0x2A, 0x7F, 0x55, 0x1C, 0x08, 0x3E, 0x3E, 0x00} },   // 営
    { 0x55E3, {0x76, 0x46, 0x70, 0x4F, 0x7F, 0x7B, 0x49, 0x00} },   // 嗣
    { 0x5606, {0x28, 0x7F, 0x55, 0x7D, 0x7F, 0x10, 0x6C, 0x00} },   // 嘆
    { 0x5609, {0x08, 0x7F, 0x3E, 0x14, 0x7F, 0x5A, 0x7D, 0x00} },   // 嘉
    { 0x5617, {0x2A, 0x7F, 0x5D, 0x02, 0x7E, 0x22, 0x3E, 0x00} },   // 嘗
    { 0x5618, {0x10, 0x77, 0x1D, 0x75, 0x07, 0x2C, 0x7A, 0x00} },   // 嘘
    { 0x5629, {0x28, 0x7F, 0x3B, 0x7F, 0x3B, 0x7C, 0x10, 0x00} },   // 嘩
    { 0x5631, {0x7C, 0x7F, 0x25, 0x35, 0x7F, 0x6C, 0x5A, 0x00} },   // 嘱
    { 0x5642, {0x28, 0x7F, 0x6D, 0x45, 0x7F, 0x28, 0x30, 0x00} },   // 噂
    { 0x564C, {0x28, 0x7F, 0x55, 0x7D, 0x3F, 0x28, 0x38, 0x00} },   // 噌
    { 0x565B, {0x28, 0x6F, 0x3D, 0x6D, 0x57, 0x6C, 0x7C, 0x00} },   // 噛
    { 0x5668, {0x36, 0x36, 0x08, 0x7F, 0x08, 0x77, 0x36, 0x00} },   // 器
    { 0x5674, {0x10, 0x7F, 0x2B, 0x7F, 0x2B, 0x38, 0x44, 0x00} },   // 噴
    { 0x5678, {0x74, 0x2F, 0x75, 0x7D, 0x67, 0x0C, 0x50, 0x00} },   // 噸
    { 0x567A, {0x48, 0x3F, 0x17, 0x7B, 0x5F, 0x5C, 0x4A, 0x00} },   // 噺
    { 0x5687, {0x28, 0x7F, 0x2B, 0x7F, 0x6F, 0x6C, 0x5A, 0x00} },   // 嚇
    { 0x56A2, {0x08, 0x7F, 0x2A, 0x7F, 0x7F, 0x16, 0x6D, 0x00} },   // 嚢
    { 0x56DA, {0x7F, 0x49, 0x49, 0x49, 0x55, 0x63, 0x7F, 0x00} },   // 囚
    { 0x56DB, {0x7F, 0x55, 0x55, 0x75, 0x43, 0x41, 0x7F, 0x00} },   // 四
    { 0x56DE, {0x7F, 0x41, 0x5D, 0x55, 0x5D, 0x41, 0x7F, 0x00} },   // 回
    { 0x56E0, {0x7F, 0x49, 0x7F, 0x49, 0x55, 0x63, 0x7F, 0x00} },   // 因
    { 0x56E3, {0x7F, 0x51, 0x7F, 0x55, 0x51, 0x59, 0x7F, 0x00} },   // 団
    { 0x56F0, {0x7F, 0x49, 0x7F, 0x5D, 0x6B, 0x49, 0x7F, 0x00} },   // 困
    { 0x56F2, {0x7F, 0x55, 0x7F, 0x55, 0x7F, 0x55, 0x7F, 0x00} },   // 囲
    { 0x56F3, {0x7F, 0x4B, 0x61, 0x55, 0x59, 0x65, 0x7F, 0x00} },   // 図
    { 0x56FA, {0x7F, 0x49, 0x5D, 0x49, 0x55, 0x5D, 0x7F, 0x00} },   // 固
    { 0x56FD, {0x7F, 0x5D, 0x49, 0x5D, 0x69, 0x5D, 0x7F, 0x00} },   // 国
    { 0x5703, {0x7F, 0x69, 0x7F, 0x5D, 0x5D, 0x55, 0x7F, 0x00} },   // 圃
    { 0x570F, {0x7F, 0x55, 0x7F, 0x5D, 0x6B, 0x59, 0x7F, 0x00} },   // 圏
    { 0x5712, {0x7F, 0x5D, 0x7F, 0x55, 0x5D, 0x6B, 0x7F, 0x00} },   // 園
    { 0x571F, {0x08, 0x08, 0x3E, 0x08, 0x08, 0x08, 0x7F, 0x00} },   // 土
    { 0x5727, {0x7E, 0x12, 0x12, 0x3A, 0x12, 0x12, 0x7D, 0x00} },   // 圧
    { 0x5728, {0x04, 0x7F, 0x14, 0x3A, 0x13, 0x12, 0x7E, 0x00} },   // 在
    { 0x572D, {0x08, 0x3E, 0x08, 0x7F, 0x3E, 0x08, 0x7F, 0x00} },   // 圭
    { 0x5730, {0x22, 0x2A, 0x7B, 0x6E, 0x2A, 0x4B, 0x78, 0x00} },   // 地
    { 0x5742, {0x7A, 0x0A, 0x7F, 0x5A, 0x5A, 0x27, 0x58, 0x00} },   // 坂
    { 0x5747, {0x0A, 0x7A, 0x47, 0x52, 0x66, 0x5B, 0x60, 0x00} },   // 均
    { 0x574A, {0x22, 0x7A, 0x17, 0x72, 0x56, 0x53, 0x68, 0x00} },   // 坊
    { 0x5750, {0x2A, 0x2A, 0x5D, 0x08, 0x3E, 0x08, 0x7F, 0x00} },   // 坐
    { 0x5751, {0x12, 0x7E, 0x03, 0x3A, 0x2A, 0x2B, 0x64, 0x00} },   // 坑
    { 0x5764, {0x12, 0x7E, 0x57, 0x7E, 0x56, 0x7F, 0x10, 0x00} },   // 坤
    { 0x5766, {0x7A, 0x4A, 0x7F, 0x4A, 0x7E, 0x03, 0x78, 0x00} },   // 坦
    { 0x576A, {0x7E, 0x12, 0x57, 0x12, 0x7E, 0x13, 0x10, 0x00} },   // 坪
    { 0x5782, {0x30, 0x0E, 0x7F, 0x2A, 0x7F, 0x08, 0x7F, 0x00} },   // 垂
    { 0x578B, {0x5F, 0x6A, 0x7F, 0x4A, 0x5D, 0x08, 0x7F, 0x00} },   // 型
    { 0x57A2, {0x42, 0x3A, 0x0B, 0x7A, 0x0A, 0x6B, 0x64, 0x00} },   // 垢
    { 0x57A3, {0x7E, 0x3A, 0x2B, 0x3A, 0x2A, 0x3B, 0x7C, 0x00} },   // 垣
    { 0x57CB, {0x7E, 0x56, 0x7F, 0x56, 0x7E, 0x13, 0x7C, 0x00} },   // 埋
    { 0x57CE, {0x22, 0x7E, 0x27, 0x3E, 0x76, 0x2F, 0x54, 0x00} },   // 城
    { 0x57DC, {0x24, 0x7F, 0x36, 0x6D, 0x3E, 0x08, 0x7F, 0x00} },   // 埜
    { 0x57DF, {0x22, 0x7E, 0x23, 0x2E, 0x6E, 0x33, 0x4C, 0x00} },   // 域
    { 0x57E0, {0x12, 0x3A, 0x2F, 0x7A, 0x4A, 0x7F, 0x10, 0x00} },   // 埠
    { 0x57F4, {0x22, 0x7A, 0x27, 0x6A, 0x6E, 0x0B, 0x78, 0x00} },   // 埴
    { 0x57F7, {0x14, 0x3E, 0x2F, 0x2A, 0x3F, 0x2E, 0x64, 0x00} },   // 執
    { 0x57F9, {0x12, 0x7E, 0x2B, 0x7E, 0x02, 0x3B, 0x38, 0x00} },   // 培
    { 0x57FA, {0x14, 0x3E, 0x14, 0x7F, 0x22, 0x49, 0x1C, 0x00} },   // 基
    { 0x57FC, {0x12, 0x7E, 0x13, 0x2A, 0x7E, 0x23, 0x28, 0x00} },   // 埼
    { 0x5800, {0x7E, 0x46, 0x7F, 0x76, 0x26, 0x6B, 0x78, 0x00} },   // 堀
    { 0x5802, {0x2A, 0x7F, 0x55, 0x1C, 0x3E, 0x08, 0x7F, 0x00} },   // 堂
    { 0x5805, {0x77, 0x53, 0x27, 0x58, 0x3E, 0x08, 0x7F, 0x00} },   // 堅
    { 0x5806, {0x2A, 0x7A, 0x2F, 0x7A, 0x2E, 0x2B, 0x78, 0x00} },   // 堆
    { 0x5815, {0x13, 0x7B, 0x11, 0x6B, 0x61, 0x08, 0x7F, 0x00} },   // 堕
    { 0x5824, {0x32, 0x32, 0x7F, 0x22, 0x6A, 0x2B, 0x74, 0x00} },   // 堤
    { 0x582A, {0x2A, 0x7E, 0x2B, 0x2A, 0x7E, 0x17, 0x7C, 0x00} },   // 堪
    { 0x5830, {0x7E, 0x36, 0x37, 0x5E, 0x26, 0x57, 0x7C, 0x00} },   // 堰
    { 0x5831, {0x74, 0x5E, 0x1F, 0x7A, 0x5F, 0x2E, 0x54, 0x00} },   // 報
    { 0x5834, {0x3A, 0x2A, 0x7F, 0x0A, 0x7A, 0x57, 0x68, 0x00} },   // 場
    { 0x5835, {0x52, 0x3A, 0x13, 0x7E, 0x0A, 0x77, 0x70, 0x00} },   // 堵
    { 0x583A, {0x7E, 0x56, 0x7F, 0x56, 0x3A, 0x6F, 0x28, 0x00} },   // 堺
    { 0x5840, {0x7E, 0x46, 0x7F, 0x2E, 0x36, 0x7F, 0x28, 0x00} },   // 塀
    { 0x5841, {0x3E, 0x2A, 0x3E, 0x41, 0x22, 0x49, 0x3E, 0x00} },   // 塁
    { 0x584A, {0x12, 0x7E, 0x57, 0x7E, 0x56, 0x3B, 0x74, 0x00} },   // 塊
    { 0x5851, {0x75, 0x5F, 0x7B, 0x5E, 0x53, 0x08, 0x7F, 0x00} },   // 塑
    { 0x5854, {0x2A, 0x7E, 0x13, 0x2A, 0x7E, 0x2B, 0x38, 0x00} },   // 塔
    { 0x5857, {0x11, 0x28, 0x7D, 0x10, 0x5D, 0x08, 0x7F, 0x00} },   // 塗
    { 0x5858, {0x12, 0x7E, 0x37, 0x66, 0x3E, 0x57, 0x74, 0x00} },   // 塘
    { 0x5859, {0x12, 0x7E, 0x2B, 0x3A, 0x7E, 0x47, 0x54, 0x00} },   // 塙
    { 0x585A, {0x7E, 0x46, 0x3B, 0x5E, 0x3A, 0x37, 0x58, 0x00} },   // 塚
    { 0x585E, {0x08, 0x7F, 0x55, 0x3E, 0x7F, 0x2A, 0x5D, 0x00} },   // 塞
    { 0x5869, {0x0A, 0x7A, 0x2F, 0x3A, 0x02, 0x3B, 0x7C, 0x00} },   // 塩
    { 0x586B, {0x12, 0x7E, 0x3B, 0x3A, 0x7E, 0x03, 0x44, 0x00} },   // 填
    { 0x5875, {0x10, 0x7E, 0x3A, 0x26, 0x6E, 0x12, 0x7D, 0x00} },   // 塵
    { 0x587E, {0x14, 0x3F, 0x3A, 0x3E, 0x75, 0x08, 0x7F, 0x00} },   // 塾
    { 0x5883, {0x12, 0x7E, 0x2B, 0x7E, 0x3A, 0x3B, 0x64, 0x00} },   // 境
    { 0x5893, {0x14, 0x7F, 0x1C, 0x7F, 0x22, 0x49, 0x1C, 0x00} },   // 墓
    { 0x5897, {0x2A, 0x7E, 0x57, 0x7E, 0x3A, 0x2B, 0x38, 0x00} },   // 増
    { 0x589C, {0x2B, 0x7F, 0x59, 0x37, 0x59, 0x08, 0x7F, 0x00} },   // 墜
    { 0x58A8, {0x3E, 0x2A, 0x7F, 0x00, 0x55, 0x08, 0x7F, 0x00} },   // 墨
    { 0x58B3, {0x12, 0x7E, 0x2B, 0x7E, 0x2A, 0x3B, 0x44, 0x00} },   // 墳
    { 0x58BE, {0x34, 0x3B, 0x56, 0x35, 0x56, 0x08, 0x7F, 0x00} },   // 墾
    { 0x58C1, {0x26, 0x7E, 0x52, 0x7F, 0x26, 0x08, 0x7F, 0x00} },   // 壁
    { 0x58C7, {0x12, 0x7E, 0x6F, 0x7E, 0x3A, 0x2B, 0x7C, 0x00} },   // 壇
    { 0x58CA, {0x12, 0x7E, 0x5B, 0x7A, 0x7E, 0x2F, 0x58, 0x00} },   // 壊
    { 0x58CC, {0x12, 0x7E, 0x2B, 0x6E, 0x7E, 0x2B, 0x58, 0x00} },   // 壌
    { 0x58D5, {0x12, 0x7E, 0x2B, 0x7E, 0x5A, 0x37, 0x58, 0x00} },   // 壕
    { 0x58EB, {0x08, 0x08, 0x7F, 0x08, 0x08, 0x08, 0x3E, 0x00} },   // 士
    { 0x58EC, {0x30, 0x0E, 0x08, 0x7F, 0x08, 0x08, 0x3E, 0x00} },   // 壬
    { 0x58EE, {0x12, 0x12, 0x7F, 0x12, 0x13, 0x12, 0x3A, 0x00} },   // 壮
    { 0x58F0, {0x08, 0x7F, 0x08, 0x3E, 0x2A, 0x3E, 0x01, 0x00} },   // 声
    { 0x58F1, {0x08, 0x7F, 0x08, 0x7F, 0x5D, 0x04, 0x3C, 0x00} },   // 壱
    { 0x58F2, {0x08, 0x7F, 0x08, 0x7F, 0x41, 0x14, 0x73, 0x00} },   // 売
    { 0x58F7, {0x08, 0x7F, 0x08, 0x7F, 0x55, 0x3E, 0x7F, 0x00} },   // 壷
    { 0x5909, {0x08, 0x7F, 0x14, 0x5D, 0x16, 0x08, 0x77, 0x00} },   // 変
    { 0x590F, {0x7F, 0x1C, 0x1C, 0x1C, 0x16, 0x08, 0x77, 0x00} },   // 夏
    { 0x5915, {0x08, 0x78, 0x44, 0x5B, 0x20, 0x10, 0x0E, 0x00} },   // 夕
    { 0x5916, {0x12, 0x1E, 0x1A, 0x3D, 0x58, 0x14, 0x13, 0x00} },   // 外
    { 0x5919, {0x3E, 0x3E, 0x2A, 0x3A, 0x36, 0x2A, 0x65, 0x00} },   // 夙
    { 0x591A, {0x18, 0x16, 0x08, 0x77, 0x4C, 0x30, 0x0E, 0x00} },   // 多
    { 0x591C, {0x08, 0x7F, 0x14, 0x72, 0x5B, 0x22, 0x5A, 0x00} },   // 夜
    { 0x5922, {0x14, 0x7F, 0x2A, 0x7F, 0x55, 0x18, 0x0E, 0x00} },   // 夢
    { 0x5927, {0x08, 0x08, 0x7F, 0x08, 0x08, 0x14, 0x63, 0x00} },   // 大
    { 0x5929, {0x7F, 0x08, 0x3E, 0x08, 0x08, 0x14, 0x63, 0x00} },   // 天
    { 0x592A, {0x08, 0x08, 0x7F, 0x08, 0x08, 0x14, 0x6B, 0x00} },   // 太
    { 0x592B, {0x08, 0x3E, 0x08, 0x7F, 0x08, 0x14, 0x63, 0x00} },   // 夫
    { 0x592E, {0x08, 0x3E, 0x2A, 0x7F, 0x08, 0x14, 0x63, 0x00} },   // 央
    { 0x5931, {0x0A, 0x3E, 0x09, 0x7F, 0x08, 0x14, 0x63, 0x00} },   // 失
    { 0x5937, {0x08, 0x7F, 0x3E, 0x0A, 0x3E, 0x28, 0x77, 0x00} },   // 夷
    { 0x5944, {0x08, 0x7F, 0x14, 0x6B, 0x3E, 0x3E, 0x70, 0x00} },   // 奄
    { 0x5947, {0x08, 0x3E, 0x08, 0x14, 0x7F, 0x2A, 0x2E, 0x00} },   // 奇
    { 0x5948, {0x08, 0x7F, 0x14, 0x63, 0x3E, 0x2A, 0x4D, 0x00} },   // 奈
    { 0x5949, {0x08, 0x3E, 0x1C, 0x7F, 0x2A, 0x5D, 0x08, 0x00} },   // 奉
    { 0x594F, {0x08, 0x3E, 0x1C, 0x7F, 0x2A, 0x49, 0x14, 0x00} },   // 奏
    { 0x5951, {0x7A, 0x57, 0x52, 0x6F, 0x3E, 0x08, 0x77, 0x00} },   // 契
    { 0x5954, {0x08, 0x7F, 0x14, 0x6B, 0x1C, 0x7F, 0x12, 0x00} },   // 奔
    { 0x5957, {0x08, 0x7F, 0x26, 0x4D, 0x7F, 0x24, 0x5F, 0x00} },   // 套
    { 0x5965, {0x08, 0x3E, 0x3A, 0x2E, 0x7F, 0x08, 0x77, 0x00} },   // 奥
    { 0x5968, {0x7A, 0x53, 0x7A, 0x23, 0x7E, 0x08, 0x77, 0x00} },   // 奨
    { 0x596A, {0x08, 0x7F, 0x2E, 0x5D, 0x7F, 0x14, 0x18, 0x00} },   // 奪
    { 0x596E, {0x08, 0x7F, 0x2E, 0x5D, 0x3E, 0x2A, 0x3E, 0x00} },   // 奮
    { 0x5973, {0x08, 0x08, 0x7F, 0x24, 0x16, 0x18, 0x67, 0x00} },   // 女
    { 0x5974, {0x74, 0x44, 0x5F, 0x5A, 0x26, 0x2C, 0x53, 0x00} },   // 奴
    { 0x597D, {0x74, 0x44, 0x2F, 0x7A, 0x26, 0x2C, 0x33, 0x00} },   // 好
    { 0x5982, {0x04, 0x74, 0x5F, 0x5A, 0x56, 0x5C, 0x73, 0x00} },   // 如
    { 0x5983, {0x74, 0x44, 0x4F, 0x7A, 0x16, 0x5C, 0x73, 0x00} },   // 妃
    { 0x5984, {0x08, 0x7F, 0x02, 0x3E, 0x7F, 0x14, 0x6F, 0x00} },   // 妄
    { 0x598A, {0x44, 0x34, 0x2F, 0x7A, 0x26, 0x2C, 0x73, 0x00} },   // 妊
    { 0x5993, {0x24, 0x74, 0x2F, 0x7A, 0x56, 0x24, 0x5B, 0x00} },   // 妓
    { 0x5996, {0x44, 0x34, 0x2F, 0x7A, 0x26, 0x2C, 0x53, 0x00} },   // 妖
    { 0x5999, {0x12, 0x3A, 0x5F, 0x15, 0x53, 0x26, 0x19, 0x00} },   // 妙
    { 0x59A5, {0x70, 0x0F, 0x2A, 0x7F, 0x14, 0x18, 0x67, 0x00} },   // 妥
    { 0x59A8, {0x22, 0x7A, 0x17, 0x75, 0x53, 0x56, 0x69, 0x00} },   // 妨
    { 0x59AC, {0x7A, 0x12, 0x17, 0x75, 0x5B, 0x56, 0x71, 0x00} },   // 妬
    { 0x59B9, {0x12, 0x3A, 0x17, 0x7D, 0x13, 0x3A, 0x55, 0x00} },   // 妹
    { 0x59BB, {0x08, 0x7F, 0x28, 0x3E, 0x7F, 0x14, 0x6F, 0x00} },   // 妻
    { 0x59BE, {0x08, 0x3E, 0x14, 0x7F, 0x3E, 0x14, 0x6F, 0x00} },   // 妾
    { 0x59C9, {0x22, 0x7A, 0x27, 0x7D, 0x6B, 0x6E, 0x21, 0x00} },   // 姉
    { 0x59CB, {0x24, 0x24, 0x5F, 0x7A, 0x06, 0x7C, 0x73, 0x00} },   // 始
    { 0x59D0, {0x3A, 0x2A, 0x3F, 0x2D, 0x3B, 0x2A, 0x7D, 0x00} },   // 姐
    { 0x59D1, {0x24, 0x24, 0x7F, 0x2A, 0x76, 0x5C, 0x73, 0x00} },   // 姑
    { 0x59D3, {0x34, 0x74, 0x2F, 0x2A, 0x76, 0x24, 0x7B, 0x00} },   // 姓
    { 0x59D4, {0x1C, 0x7F, 0x1C, 0x6B, 0x3E, 0x14, 0x6F, 0x00} },   // 委
    { 0x59E5, {0x52, 0x3A, 0x17, 0x7D, 0x2B, 0x16, 0x71, 0x00} },   // 姥
    { 0x59E6, {0x08, 0x7F, 0x14, 0x2E, 0x7F, 0x2A, 0x55, 0x00} },   // 姦
    { 0x59EA, {0x7A, 0x12, 0x7F, 0x25, 0x73, 0x26, 0x79, 0x00} },   // 姪
    { 0x59EB, {0x7A, 0x2A, 0x7F, 0x4D, 0x7B, 0x2E, 0x79, 0x00} },   // 姫
    { 0x59F6, {0x24, 0x54, 0x7F, 0x0A, 0x76, 0x5C, 0x73, 0x00} },   // 姶
    { 0x59FB, {0x7D, 0x55, 0x7F, 0x57, 0x6F, 0x46, 0x7D, 0x00} },   // 姻
    { 0x59FF, {0x09, 0x78, 0x55, 0x28, 0x7F, 0x14, 0x6F, 0x00} },   // 姿
    { 0x5A01, {0x20, 0x7E, 0x3E, 0x2A, 0x76, 0x2A, 0x55, 0x00} },   // 威
    { 0x5A03, {0x24, 0x74, 0x2F, 0x7A, 0x76, 0x24, 0x7B, 0x00} },   // 娃
    { 0x5A18, {0x22, 0x7A, 0x4F, 0x7D, 0x7B, 0x2E, 0x59, 0x00} },   // 娘
    { 0x5A20, {0x7A, 0x0A, 0x6F, 0x0D, 0x7B, 0x2E, 0x59, 0x00} },   // 娠
    { 0x5A29, {0x32, 0x2A, 0x7F, 0x5D, 0x7B, 0x36, 0x69, 0x00} },   // 娩
    { 0x5A2F, {0x62, 0x6A, 0x3F, 0x25, 0x7B, 0x06, 0x49, 0x00} },   // 娯
    { 0x5A3C, {0x32, 0x32, 0x7F, 0x4D, 0x7B, 0x4E, 0x79, 0x00} },   // 娼
    { 0x5A41, {0x08, 0x3E, 0x7F, 0x2A, 0x7F, 0x14, 0x6F, 0x00} },   // 婁
    { 0x5A46, {0x21, 0x78, 0x29, 0x54, 0x7F, 0x14, 0x6F, 0x00} },   // 婆
    { 0x5A5A, {0x7A, 0x2A, 0x7F, 0x2D, 0x5B, 0x36, 0x31, 0x00} },   // 婚
    { 0x5A66, {0x3A, 0x22, 0x7F, 0x55, 0x3B, 0x3E, 0x11, 0x00} },   // 婦
    { 0x5A7F, {0x7A, 0x52, 0x37, 0x6D, 0x53, 0x76, 0x51, 0x00} },   // 婿
    { 0x5A92, {0x29, 0x7D, 0x2B, 0x3B, 0x7F, 0x3A, 0x55, 0x00} },   // 媒
    { 0x5A9B, {0x62, 0x1A, 0x57, 0x7D, 0x53, 0x2A, 0x55, 0x00} },   // 媛
    { 0x5AC1, {0x11, 0x7D, 0x47, 0x3B, 0x5B, 0x36, 0x59, 0x00} },   // 嫁
    { 0x5AC9, {0x21, 0x79, 0x0F, 0x1B, 0x7F, 0x2A, 0x55, 0x00} },   // 嫉
    { 0x5ACC, {0x29, 0x7D, 0x3B, 0x73, 0x3F, 0x3A, 0x55, 0x00} },   // 嫌
    { 0x5AE1, {0x11, 0x7D, 0x2B, 0x7F, 0x57, 0x6E, 0x7D, 0x00} },   // 嫡
    { 0x5B09, {0x11, 0x7D, 0x3B, 0x2B, 0x7F, 0x2A, 0x39, 0x00} },   // 嬉
    { 0x5B22, {0x11, 0x7D, 0x2B, 0x6F, 0x7F, 0x2A, 0x59, 0x00} },   // 嬢
    { 0x5B2C, {0x39, 0x7D, 0x57, 0x3B, 0x13, 0x7E, 0x55, 0x00} },   // 嬬
    { 0x5B30, {0x36, 0x36, 0x49, 0x04, 0x7F, 0x14, 0x6F, 0x00} },   // 嬰
    { 0x5B50, {0x3E, 0x10, 0x08, 0x7F, 0x08, 0x08, 0x0C, 0x00} },   // 子
    { 0x5B54, {0x17, 0x14, 0x12, 0x16, 0x13, 0x52, 0x73, 0x00} },   // 孔
    { 0x5B57, {0x08, 0x7F, 0x5D, 0x10, 0x7F, 0x08, 0x0C, 0x00} },   // 字
    { 0x5B58, {0x04, 0x7F, 0x34, 0x22, 0x7F, 0x12, 0x1A, 0x00} },   // 存
    { 0x5B5C, {0x17, 0x74, 0x5A, 0x56, 0x53, 0x22, 0x5B, 0x00} },   // 孜
    { 0x5B5D, {0x48, 0x3E, 0x18, 0x7F, 0x24, 0x7B, 0x10, 0x00} },   // 孝
    { 0x5B5F, {0x3E, 0x10, 0x7F, 0x08, 0x3E, 0x2A, 0x7F, 0x00} },   // 孟
    { 0x5B63, {0x1C, 0x7F, 0x3C, 0x5B, 0x10, 0x7F, 0x08, 0x00} },   // 季
    { 0x5B64, {0x47, 0x3C, 0x2A, 0x2E, 0x2B, 0x6A, 0x57, 0x00} },   // 孤
    { 0x5B66, {0x2A, 0x7F, 0x5D, 0x10, 0x7F, 0x08, 0x0C, 0x00} },   // 学
    { 0x5B6B, {0x77, 0x24, 0x12, 0x26, 0x7B, 0x22, 0x6B, 0x00} },   // 孫
    { 0x5B85, {0x08, 0x7F, 0x5D, 0x08, 0x7F, 0x08, 0x78, 0x00} },   // 宅
    { 0x5B87, {0x08, 0x7F, 0x5D, 0x08, 0x7F, 0x08, 0x0C, 0x00} },   // 宇
    { 0x5B88, {0x08, 0x7F, 0x41, 0x10, 0x7F, 0x14, 0x18, 0x00} },   // 守
    { 0x5B89, {0x08, 0x7F, 0x49, 0x3E, 0x14, 0x18, 0x67, 0x00} },   // 安
    { 0x5B8B, {0x08, 0x7F, 0x49, 0x3E, 0x08, 0x1C, 0x6B, 0x00} },   // 宋
    { 0x5B8C, {0x08, 0x7F, 0x5D, 0x00, 0x7F, 0x14, 0x73, 0x00} },   // 完
    { 0x5B8D, {0x08, 0x7F, 0x41, 0x08, 0x7F, 0x00, 0x63, 0x00} },   // 宍
    { 0x5B8F, {0x08, 0x7F, 0x45, 0x3F, 0x0A, 0x25, 0x5E, 0x00} },   // 宏
    { 0x5B95, {0x08, 0x7F, 0x41, 0x3F, 0x02, 0x3D, 0x3C, 0x00} },   // 宕
    { 0x5B97, {0x08, 0x7F, 0x5D, 0x00, 0x7F, 0x2A, 0x4D, 0x00} },   // 宗
    { 0x5B98, {0x08, 0x7F, 0x5D, 0x14, 0x3C, 0x24, 0x3C, 0x00} },   // 官
    { 0x5B99, {0x08, 0x7F, 0x49, 0x3E, 0x3E, 0x2A, 0x3E, 0x00} },   // 宙
    { 0x5B9A, {0x08, 0x7F, 0x5D, 0x08, 0x3A, 0x0A, 0x7D, 0x00} },   // 定
    { 0x5B9B, {0x08, 0x7F, 0x41, 0x7E, 0x5B, 0x14, 0x73, 0x00} },   // 宛
    { 0x5B9C, {0x08, 0x7F, 0x5D, 0x14, 0x1C, 0x14, 0x7F, 0x00} },   // 宜
    { 0x5B9D, {0x08, 0x7F, 0x5D, 0x08, 0x1C, 0x28, 0x7F, 0x00} },   // 宝
    { 0x5B9F, {0x08, 0x7F, 0x5D, 0x08, 0x7F, 0x08, 0x77, 0x00} },   // 実
    { 0x5BA2, {0x08, 0x7F, 0x59, 0x16, 0x08, 0x77, 0x1C, 0x00} },   // 客
    { 0x5BA3, {0x08, 0x7F, 0x5D, 0x00, 0x1C, 0x14, 0x7F, 0x00} },   // 宣
    { 0x5BA4, {0x08, 0x7F, 0x4D, 0x14, 0x2E, 0x08, 0x7F, 0x00} },   // 室
    { 0x5BA5, {0x08, 0x7F, 0x45, 0x7F, 0x26, 0x3D, 0x24, 0x00} },   // 宥
    { 0x5BAE, {0x08, 0x7F, 0x55, 0x1C, 0x08, 0x3E, 0x3E, 0x00} },   // 宮
    { 0x5BB0, {0x08, 0x7F, 0x49, 0x3E, 0x14, 0x7F, 0x08, 0x00} },   // 宰
    { 0x5BB3, {0x08, 0x7F, 0x49, 0x3E, 0x08, 0x7F, 0x1C, 0x00} },   // 害
    { 0x5BB4, {0x08, 0x7F, 0x55, 0x1C, 0x7F, 0x14, 0x6F, 0x00} },   // 宴
    { 0x5BB5, {0x08, 0x7F, 0x6D, 0x3E, 0x22, 0x3E, 0x22, 0x00} },   // 宵
    { 0x5BB6, {0x08, 0x7F, 0x5D, 0x0C, 0x5B, 0x34, 0x5B, 0x00} },   // 家
    { 0x5BB9, {0x08, 0x7F, 0x55, 0x2A, 0x14, 0x7F, 0x1C, 0x00} },   // 容
    { 0x5BBF, {0x08, 0x7F, 0x41, 0x7A, 0x13, 0x7A, 0x7A, 0x00} },   // 宿
    { 0x5BC2, {0x08, 0x7F, 0x4D, 0x74, 0x5F, 0x24, 0x55, 0x00} },   // 寂
    { 0x5BC4, {0x08, 0x7F, 0x49, 0x14, 0x7F, 0x2A, 0x2E, 0x00} },   // 寄
    { 0x5BC5, {0x08, 0x7F, 0x5D, 0x3E, 0x2A, 0x3E, 0x63, 0x00} },   // 寅
    { 0x5BC6, {0x08, 0x7F, 0x55, 0x06, 0x5D, 0x2A, 0x3E, 0x00} },   // 密
    { 0x5BCC, {0x08, 0x7F, 0x55, 0x1C, 0x3E, 0x2A, 0x3E, 0x00} },   // 富
    { 0x5BD2, {0x08, 0x7F, 0x55, 0x3E, 0x3E, 0x4D, 0x10, 0x00} },   // 寒
    { 0x5BD3, {0x08, 0x7F, 0x5D, 0x1C, 0x7F, 0x59, 0x6D, 0x00} },   // 寓
    { 0x5BDB, {0x08, 0x7F, 0x55, 0x3E, 0x1C, 0x5C, 0x73, 0x00} },   // 寛
    { 0x5BDD, {0x08, 0x7F, 0x61, 0x7B, 0x5A, 0x23, 0x5A, 0x00} },   // 寝
    { 0x5BDF, {0x08, 0x7F, 0x57, 0x22, 0x5D, 0x2A, 0x4D, 0x00} },   // 察
    { 0x5BE1, {0x08, 0x7F, 0x55, 0x1C, 0x7F, 0x3A, 0x55, 0x00} },   // 寡
    { 0x5BE7, {0x08, 0x7F, 0x55, 0x3A, 0x7F, 0x08, 0x0C, 0x00} },   // 寧
    { 0x5BE9, {0x08, 0x7F, 0x5D, 0x2A, 0x7F, 0x3E, 0x5D, 0x00} },   // 審
    { 0x5BEE, {0x08, 0x7F, 0x55, 0x3E, 0x55, 0x1C, 0x49, 0x00} },   // 寮
    { 0x5BF5, {0x08, 0x7F, 0x65, 0x3F, 0x4A, 0x2E, 0x6A, 0x00} },   // 寵
    { 0x5BF8, {0x10, 0x7F, 0x10, 0x14, 0x18, 0x10, 0x18, 0x00} },   // 寸
    { 0x5BFA, {0x08, 0x3E, 0x08, 0x7F, 0x10, 0x7F, 0x14, 0x00} },   // 寺
    { 0x5BFE, {0x44, 0x7F, 0x48, 0x5A, 0x64, 0x4A, 0x61, 0x00} },   // 対
    { 0x5BFF, {0x08, 0x3E, 0x7F, 0x24, 0x7F, 0x22, 0x29, 0x00} },   // 寿
    { 0x5C01, {0x44, 0x7E, 0x44, 0x5F, 0x66, 0x4C, 0x63, 0x00} },   // 封
    { 0x5C02, {0x08, 0x7F, 0x1C, 0x1C, 0x7F, 0x14, 0x18, 0x00} },   // 専
    { 0x5C04, {0x44, 0x7E, 0x4A, 0x5E, 0x6B, 0x4C, 0x6B, 0x00} },   // 射
    { 0x5C06, {0x62, 0x1E, 0x57, 0x22, 0x7F, 0x2A, 0x32, 0x00} },   // 将
    { 0x5C09, {0x4E, 0x7E, 0x42, 0x6E, 0x62, 0x4E, 0x65, 0x00} },   // 尉
    { 0x5C0A, {0x24, 0x7F, 0x3A, 0x36, 0x7F, 0x14, 0x18, 0x00} },   // 尊
    { 0x5C0B, {0x3E, 0x20, 0x77, 0x52, 0x7F, 0x14, 0x18, 0x00} },   // 尋
    { 0x5C0E, {0x2A, 0x7C, 0x3B, 0x3A, 0x7F, 0x14, 0x18, 0x00} },   // 導
    { 0x5C0F, {0x08, 0x08, 0x2A, 0x4A, 0x49, 0x08, 0x0C, 0x00} },   // 小
    { 0x5C11, {0x08, 0x2A, 0x4A, 0x09, 0x2C, 0x18, 0x07, 0x00} },   // 少
    { 0x5C16, {0x08, 0x2A, 0x49, 0x0C, 0x7F, 0x08, 0x77, 0x00} },   // 尖
    { 0x5C1A, {0x2A, 0x08, 0x7F, 0x41, 0x5D, 0x55, 0x5D, 0x00} },   // 尚
    { 0x5C24, {0x28, 0x7F, 0x08, 0x18, 0x18, 0x54, 0x73, 0x00} },   // 尤
    { 0x5C2D, {0x08, 0x3E, 0x7F, 0x14, 0x7F, 0x14, 0x73, 0x00} },   // 尭
    { 0x5C31, {0x64, 0x2F, 0x7A, 0x2E, 0x24, 0x2D, 0x56, 0x00} },   // 就
    { 0x5C3A, {0x3E, 0x22, 0x3E, 0x0A, 0x12, 0x22, 0x41, 0x00} },   // 尺
    { 0x5C3B, {0x7E, 0x42, 0x7E, 0x0A, 0x3E, 0x2A, 0x65, 0x00} },   // 尻
    { 0x5C3C, {0x7E, 0x42, 0x7E, 0x0A, 0x7A, 0x0A, 0x79, 0x00} },   // 尼
    { 0x5C3D, {0x3E, 0x22, 0x1E, 0x2A, 0x22, 0x4D, 0x10, 0x00} },   // 尽
    { 0x5C3E, {0x7E, 0x7E, 0x32, 0x1E, 0x72, 0x1E, 0x71, 0x00} },   // 尾
    { 0x5C3F, {0x7E, 0x42, 0x7E, 0x12, 0x5E, 0x3A, 0x55, 0x00} },   // 尿
    { 0x5C40, {0x3E, 0x22, 0x7E, 0x42, 0x5E, 0x56, 0x5D, 0x00} },   // 局
    { 0x5C45, {0x7E, 0x7E, 0x12, 0x7E, 0x12, 0x3A, 0x39, 0x00} },   // 居
    { 0x5C48, {0x7E, 0x42, 0x7E, 0x3A, 0x12, 0x56, 0x7D, 0x00} },   // 屈
    { 0x5C4A, {0x7E, 0x42, 0x7E, 0x12, 0x7E, 0x56, 0x7D, 0x00} },   // 届
    { 0x5C4B, {0x7E, 0x42, 0x7E, 0x2A, 0x5E, 0x12, 0x7D, 0x00} },   // 屋
    { 0x5C4D, {0x7E, 0x42, 0x7E, 0x3A, 0x76, 0x2A, 0x65, 0x00} },   // 屍
    { 0x5C51, {0x7E, 0x7E, 0x56, 0x7A, 0x4A, 0x7A, 0x49, 0x00} },   // 屑
    { 0x5C55, {0x7E, 0x42, 0x7E, 0x2A, 0x7E, 0x16, 0x6D, 0x00} },   // 展
    { 0x5C5E, {0x7E, 0x7E, 0x32, 0x3A, 0x7E, 0x76, 0x5D, 0x00} },   // 属
    { 0x5C60, {0x7E, 0x7E, 0x3A, 0x12, 0x7E, 0x3A, 0x35, 0x00} },   // 屠
    { 0x5C61, {0x7E, 0x7E, 0x56, 0x3A, 0x7E, 0x2A, 0x5D, 0x00} },   // 屡
    { 0x5C64, {0x7E, 0x7E, 0x2A, 0x56, 0x7E, 0x2A, 0x39, 0x00} },   // 層
    { 0x5C65, {0x7E, 0x7E, 0x1A, 0x76, 0x5A, 0x2E, 0x59, 0x00} },   // 履
    { 0x5C6F, {0x68, 0x1F, 0x08, 0x4A, 0x7E, 0x08, 0x78, 0x00} },   // 屯
    { 0x5C71, {0x08, 0x08, 0x49, 0x49, 0x49, 0x49, 0x7F, 0x00} },   // 山
    { 0x5C90, {0x22, 0x7A, 0x22, 0x77, 0x57, 0x27, 0x58, 0x00} },   // 岐
    { 0x5CA1, {0x7F, 0x55, 0x7F, 0x49, 0x6B, 0x7F, 0x41, 0x00} },   // 岡
    { 0x5CA8, {0x3A, 0x2A, 0x3A, 0x2B, 0x3B, 0x2B, 0x7C, 0x00} },   // 岨
    { 0x5CA9, {0x2A, 0x3E, 0x00, 0x7F, 0x02, 0x3D, 0x3C, 0x00} },   // 岩
    { 0x5CAC, {0x7E, 0x56, 0x7E, 0x57, 0x7F, 0x17, 0x10, 0x00} },   // 岬
    { 0x5CB1, {0x54, 0x7A, 0x23, 0x42, 0x08, 0x49, 0x7F, 0x00} },   // 岱
    { 0x5CB3, {0x30, 0x0E, 0x3E, 0x12, 0x7F, 0x2A, 0x3E, 0x00} },   // 岳
    { 0x5CB8, {0x49, 0x7F, 0x02, 0x3A, 0x12, 0x7E, 0x11, 0x00} },   // 岸
    { 0x5CE0, {0x12, 0x72, 0x12, 0x7F, 0x37, 0x57, 0x10, 0x00} },   // 峠
    { 0x5CE1, {0x12, 0x7E, 0x12, 0x57, 0x7F, 0x13, 0x6C, 0x00} },   // 峡
    { 0x5CE8, {0x72, 0x2E, 0x7E, 0x2B, 0x6B, 0x3F, 0x48, 0x00} },   // 峨
    { 0x5CEF, {0x49, 0x7F, 0x16, 0x1C, 0x6B, 0x1C, 0x08, 0x00} },   // 峯
    { 0x5CF0, {0x32, 0x2A, 0x12, 0x6F, 0x13, 0x7F, 0x10, 0x00} },   // 峰
    { 0x5CF6, {0x08, 0x3E, 0x3E, 0x02, 0x7E, 0x55, 0x5F, 0x00} },   // 島
    { 0x5CFB, {0x4A, 0x7E, 0x2A, 0x67, 0x3B, 0x17, 0x68, 0x00} },   // 峻
    { 0x5D07, {0x2A, 0x3E, 0x7F, 0x5D, 0x3E, 0x2A, 0x4D, 0x00} },   // 崇
    { 0x5D0E, {0x12, 0x7E, 0x12, 0x2B, 0x7F, 0x23, 0x28, 0x00} },   // 崎
    { 0x5D16, {0x49, 0x7F, 0x3A, 0x12, 0x3A, 0x12, 0x7D, 0x00} },   // 崖
    { 0x5D29, {0x49, 0x7F, 0x7E, 0x5A, 0x7E, 0x5A, 0x6D, 0x00} },   // 崩
    { 0x5D50, {0x49, 0x7F, 0x2A, 0x3E, 0x3E, 0x3A, 0x6D, 0x00} },   // 嵐
    { 0x5D69, {0x49, 0x7F, 0x14, 0x1C, 0x7F, 0x55, 0x5D, 0x00} },   // 嵩
    { 0x5D6F, {0x2A, 0x7E, 0x12, 0x7F, 0x7B, 0x2B, 0x74, 0x00} },   // 嵯
    { 0x5D8B, {0x12, 0x3A, 0x3A, 0x0B, 0x7B, 0x43, 0x54, 0x00} },   // 嶋
    { 0x5DBA, {0x49, 0x7F, 0x25, 0x70, 0x77, 0x06, 0x4A, 0x00} },   // 嶺
    { 0x5DCC, {0x49, 0x7F, 0x2A, 0x7E, 0x5A, 0x2E, 0x59, 0x00} },   // 巌
    { 0x5DDD, {0x42, 0x4A, 0x4A, 0x4A, 0x4A, 0x42, 0x41, 0x00} },   // 川
    { 0x5DDE, {0x4A, 0x4A, 0x6F, 0x6F, 0x4A, 0x4A, 0x49, 0x00} },   // 州
    { 0x5DE1, {0x55, 0x54, 0x2A, 0x57, 0x56, 0x02, 0x7D, 0x00} },   // 巡
    { 0x5DE3, {0x2A, 0x3E, 0x3E, 0x08, 0x7F, 0x1C, 0x6B, 0x00} },   // 巣
    { 0x5DE5, {0x00, 0x3E, 0x08, 0x08, 0x08, 0x08, 0x7F, 0x00} },   // 工
    { 0x5DE6, {0x04, 0x7F, 0x04, 0x3C, 0x12, 0x11, 0x7E, 0x00} },   // 左
    { 0x5DE7, {0x78, 0x17, 0x12, 0x72, 0x46, 0x43, 0x60, 0x00} },   // 巧
    { 0x5DE8, {0x7F, 0x01, 0x3F, 0x21, 0x3F, 0x01, 0x7F, 0x00} },   // 巨
    { 0x5DEE, {0x24, 0x7F, 0x08, 0x7F, 0x3A, 0x12, 0x7D, 0x00} },   // 差
    { 0x5DF1, {0x3F, 0x20, 0x20, 0x3F, 0x01, 0x41, 0x7E, 0x00} },   // 己
    { 0x5DF3, {0x3F, 0x21, 0x21, 0x3F, 0x01, 0x41, 0x7E, 0x00} },   // 巳
    { 0x5DF4, {0x3F, 0x29, 0x29, 0x3F, 0x01, 0x41, 0x7E, 0x00} },   // 巴
    { 0x5DF7, {0x14, 0x3E, 0x14, 0x7F, 0x2E, 0x45, 0x1C, 0x00} },   // 巷
    { 0x5DFB, {0x2A, 0x1C, 0x7F, 0x32, 0x5D, 0x04, 0x3C, 0x00} },   // 巻
    { 0x5DFD, {0x77, 0x44, 0x76, 0x1C, 0x7F, 0x00, 0x63, 0x00} },   // 巽
    { 0x5DFE, {0x08, 0x7F, 0x49, 0x49, 0x49, 0x69, 0x08, 0x00} },   // 巾
    { 0x5E02, {0x08, 0x7F, 0x08, 0x3E, 0x2A, 0x2A, 0x08, 0x00} },   // 市
    { 0x5E03, {0x04, 0x7F, 0x14, 0x7E, 0x55, 0x54, 0x10, 0x00} },   // 布
    { 0x5E06, {0x3A, 0x2B, 0x2B, 0x3B, 0x2A, 0x2A, 0x66, 0x00} },   // 帆
    { 0x5E0C, {0x26, 0x18, 0x24, 0x7F, 0x12, 0x7D, 0x54, 0x00} },   // 希
    { 0x5E16, {0x12, 0x17, 0x77, 0x17, 0x7A, 0x4A, 0x7A, 0x00} },   // 帖
    { 0x5E1D, {0x08, 0x7F, 0x24, 0x7F, 0x49, 0x3E, 0x2A, 0x00} },   // 帝
    { 0x5E25, {0x12, 0x7F, 0x57, 0x55, 0x57, 0x57, 0x10, 0x00} },   // 帥
    { 0x5E2B, {0x7A, 0x17, 0x7F, 0x55, 0x57, 0x57, 0x10, 0x00} },   // 師
    { 0x5E2D, {0x10, 0x7E, 0x2A, 0x7E, 0x12, 0x7E, 0x55, 0x00} },   // 席
    { 0x5E2F, {0x2A, 0x7F, 0x2A, 0x7F, 0x49, 0x3E, 0x2A, 0x00} },   // 帯
    { 0x5E30, {0x3A, 0x23, 0x7F, 0x57, 0x3A, 0x3A, 0x11, 0x00} },   // 帰
    { 0x5E33, {0x7A, 0x0B, 0x3B, 0x0B, 0x7E, 0x2A, 0x5A, 0x00} },   // 帳
    { 0x5E38, {0x2A, 0x7F, 0x55, 0x1C, 0x3E, 0x2A, 0x08, 0x00} },   // 常
    { 0x5E3D, {0x7E, 0x47, 0x7F, 0x2B, 0x3A, 0x2A, 0x3A, 0x00} },   // 帽
    { 0x5E45, {0x7E, 0x2B, 0x3B, 0x03, 0x7E, 0x56, 0x7E, 0x00} },   // 幅
    { 0x5E4C, {0x3A, 0x3B, 0x57, 0x13, 0x7E, 0x2A, 0x66, 0x00} },   // 幌
    { 0x5E55, {0x14, 0x7F, 0x1C, 0x7F, 0x6A, 0x3D, 0x2C, 0x00} },   // 幕
    { 0x5E61, {0x7E, 0x2B, 0x7F, 0x3B, 0x56, 0x3A, 0x3A, 0x00} },   // 幡
    { 0x5E63, {0x69, 0x56, 0x2F, 0x55, 0x3E, 0x2A, 0x08, 0x00} },   // 幣
    { 0x5E72, {0x3E, 0x08, 0x08, 0x7F, 0x08, 0x08, 0x08, 0x00} },   // 干
    { 0x5E73, {0x7F, 0x2A, 0x1C, 0x08, 0x7F, 0x08, 0x08, 0x00} },   // 平
    { 0x5E74, {0x02, 0x7E, 0x09, 0x3E, 0x0A, 0x7F, 0x08, 0x00} },   // 年
    { 0x5E78, {0x08, 0x3E, 0x7F, 0x14, 0x7F, 0x3E, 0x08, 0x00} },   // 幸
    { 0x5E79, {0x27, 0x52, 0x07, 0x75, 0x22, 0x77, 0x22, 0x00} },   // 幹
    { 0x5E7B, {0x74, 0x44, 0x4B, 0x46, 0x44, 0x4A, 0x2F, 0x00} },   // 幻
    { 0x5E7C, {0x14, 0x74, 0x5B, 0x56, 0x54, 0x5A, 0x6F, 0x00} },   // 幼
    { 0x5E7D, {0x2C, 0x5B, 0x6D, 0x5B, 0x7F, 0x49, 0x7F, 0x00} },   // 幽
    { 0x5E7E, {0x2A, 0x19, 0x2A, 0x3F, 0x52, 0x26, 0x59, 0x00} },   // 幾
    { 0x5E81, {0x10, 0x7E, 0x02, 0x7E, 0x12, 0x12, 0x19, 0x00} },   // 庁
    { 0x5E83, {0x10, 0x7E, 0x02, 0x12, 0x12, 0x2A, 0x5D, 0x00} },   // 広
    { 0x5E84, {0x10, 0x7E, 0x12, 0x3A, 0x12, 0x12, 0x7D, 0x00} },   // 庄
    { 0x5E87, {0x10, 0x7E, 0x02, 0x26, 0x6E, 0x26, 0x6D, 0x00} },   // 庇
    { 0x5E8A, {0x10, 0x7E, 0x12, 0x7E, 0x12, 0x3A, 0x55, 0x00} },   // 床
    { 0x5E8F, {0x10, 0x7E, 0x3A, 0x22, 0x7E, 0x52, 0x19, 0x00} },   // 序
    { 0x5E95, {0x10, 0x7E, 0x7A, 0x2A, 0x7A, 0x2A, 0x5D, 0x00} },   // 底
    { 0x5E96, {0x10, 0x7E, 0x7A, 0x56, 0x5A, 0x0A, 0x79, 0x00} },   // 庖
    { 0x5E97, {0x10, 0x7E, 0x12, 0x72, 0x12, 0x7A, 0x79, 0x00} },   // 店
    { 0x5E9A, {0x10, 0x7E, 0x7A, 0x52, 0x7A, 0x12, 0x6D, 0x00} },   // 庚
    { 0x5E9C, {0x10, 0x7E, 0x4A, 0x7A, 0x4E, 0x5A, 0x69, 0x00} },   // 府
    { 0x5EA6, {0x10, 0x7E, 0x2A, 0x7E, 0x2A, 0x12, 0x6D, 0x00} },   // 度
    { 0x5EA7, {0x10, 0x7E, 0x2A, 0x56, 0x3A, 0x12, 0x7D, 0x00} },   // 座
    { 0x5EAB, {0x10, 0x7E, 0x12, 0x7E, 0x3A, 0x7E, 0x11, 0x00} },   // 庫
    { 0x5EAD, {0x10, 0x7E, 0x4E, 0x2A, 0x76, 0x2A, 0x75, 0x00} },   // 庭
    { 0x5EB5, {0x10, 0x7E, 0x2A, 0x56, 0x3A, 0x3A, 0x61, 0x00} },   // 庵
    { 0x5EB6, {0x10, 0x7E, 0x2A, 0x7E, 0x3A, 0x02, 0x55, 0x00} },   // 庶
    { 0x5EB7, {0x10, 0x7E, 0x72, 0x3E, 0x56, 0x3A, 0x55, 0x00} },   // 康
    { 0x5EB8, {0x10, 0x7E, 0x3A, 0x7E, 0x56, 0x7E, 0x55, 0x00} },   // 庸
    { 0x5EC3, {0x10, 0x7E, 0x5E, 0x2A, 0x7E, 0x2A, 0x65, 0x00} },   // 廃
    { 0x5EC9, {0x10, 0x7E, 0x3A, 0x72, 0x7E, 0x3A, 0x55, 0x00} },   // 廉
    { 0x5ECA, {0x10, 0x7E, 0x6A, 0x2E, 0x6E, 0x76, 0x2D, 0x00} },   // 廊
    { 0x5ED3, {0x10, 0x7E, 0x6A, 0x3E, 0x76, 0x7E, 0x29, 0x00} },   // 廓
    { 0x5EDF, {0x10, 0x7E, 0x0E, 0x76, 0x5E, 0x7E, 0x55, 0x00} },   // 廟
    { 0x5EE0, {0x10, 0x7E, 0x36, 0x6A, 0x5E, 0x3E, 0x55, 0x00} },   // 廠
    { 0x5EF6, {0x43, 0x3A, 0x61, 0x2A, 0x7B, 0x02, 0x7D, 0x00} },   // 延
    { 0x5EF7, {0x23, 0x1A, 0x11, 0x7E, 0x13, 0x3A, 0x7D, 0x00} },   // 廷
    { 0x5EFA, {0x3B, 0x72, 0x39, 0x12, 0x7B, 0x12, 0x7D, 0x00} },   // 建
    { 0x5EFB, {0x7B, 0x4A, 0x79, 0x5A, 0x7B, 0x4A, 0x7D, 0x00} },   // 廻
    { 0x5EFC, {0x7B, 0x32, 0x79, 0x5A, 0x4B, 0x7A, 0x7D, 0x00} },   // 廼
    { 0x5EFF, {0x22, 0x22, 0x7F, 0x22, 0x22, 0x22, 0x3E, 0x00} },   // 廿
    { 0x5F01, {0x08, 0x24, 0x5F, 0x14, 0x7F, 0x14, 0x12, 0x00} },   // 弁
    { 0x5F04, {0x3E, 0x08, 0x3E, 0x14, 0x7F, 0x14, 0x12, 0x00} },   // 弄
    { 0x5F0A, {0x69, 0x56, 0x2F, 0x55, 0x7F, 0x14, 0x12, 0x00} },   // 弊
    { 0x5F0F, {0x50, 0x7F, 0x10, 0x1E, 0x24, 0x2C, 0x43, 0x00} },   // 式
    { 0x5F10, {0x56, 0x10, 0x7F, 0x16, 0x20, 0x2C, 0x43, 0x00} },   // 弐
    { 0x5F13, {0x3E, 0x20, 0x3E, 0x02, 0x7F, 0x40, 0x70, 0x00} },   // 弓
    { 0x5F14, {0x3E, 0x28, 0x3E, 0x0A, 0x7F, 0x48, 0x68, 0x00} },   // 弔
    { 0x5F15, {0x4F, 0x48, 0x4F, 0x41, 0x4F, 0x48, 0x4C, 0x00} },   // 引
    { 0x5F17, {0x14, 0x7F, 0x7C, 0x17, 0x7F, 0x54, 0x13, 0x00} },   // 弗
    { 0x5F18, {0x13, 0x12, 0x13, 0x11, 0x0B, 0x2A, 0x5F, 0x00} },   // 弘
    { 0x5F1B, {0x23, 0x2A, 0x7B, 0x6D, 0x2B, 0x4A, 0x7B, 0x00} },   // 弛
    { 0x5F1F, {0x24, 0x7F, 0x48, 0x7E, 0x0A, 0x7C, 0x4B, 0x00} },   // 弟
    { 0x5F25, {0x0B, 0x7A, 0x17, 0x39, 0x5B, 0x56, 0x1B, 0x00} },   // 弥
    { 0x5F26, {0x13, 0x7E, 0x0B, 0x2D, 0x13, 0x2A, 0x5F, 0x00} },   // 弦
    { 0x5F27, {0x43, 0x3A, 0x2B, 0x29, 0x2B, 0x6A, 0x57, 0x00} },   // 弧
    { 0x5F31, {0x77, 0x44, 0x77, 0x11, 0x66, 0x55, 0x66, 0x00} },   // 弱
    { 0x5F35, {0x7B, 0x0A, 0x3B, 0x09, 0x7F, 0x2A, 0x5B, 0x00} },   // 張
    { 0x5F37, {0x13, 0x4A, 0x7F, 0x39, 0x3B, 0x52, 0x7F, 0x00} },   // 強
    { 0x5F3C, {0x63, 0x5E, 0x6B, 0x3D, 0x77, 0x5E, 0x63, 0x00} },   // 弼
    { 0x5F3E, {0x57, 0x22, 0x7F, 0x7D, 0x13, 0x7E, 0x13, 0x00} },   // 弾
    { 0x5F4A, {0x7B, 0x32, 0x33, 0x79, 0x33, 0x32, 0x7B, 0x00} },   // 彊
    { 0x5F53, {0x4A, 0x2C, 0x7E, 0x40, 0x7C, 0x40, 0x7E, 0x00} },   // 当
    { 0x5F62, {0x5F, 0x2A, 0x4A, 0x3F, 0x0A, 0x4A, 0x29, 0x00} },   // 形
    { 0x5F66, {0x08, 0x7F, 0x24, 0x7E, 0x1A, 0x42, 0x39, 0x00} },   // 彦
    { 0x5F69, {0x58, 0x27, 0x4A, 0x24, 0x1F, 0x4E, 0x35, 0x00} },   // 彩
    { 0x5F6A, {0x44, 0x2C, 0x47, 0x2D, 0x41, 0x2D, 0x7B, 0x00} },   // 彪
    { 0x5F6B, {0x5F, 0x35, 0x5F, 0x35, 0x1B, 0x5F, 0x31, 0x00} },   // 彫
    { 0x5F6C, {0x4A, 0x3F, 0x4A, 0x3F, 0x1F, 0x4A, 0x2A, 0x00} },   // 彬
    { 0x5F70, {0x44, 0x3F, 0x4A, 0x3F, 0x0E, 0x5F, 0x24, 0x00} },   // 彰
    { 0x5F71, {0x4E, 0x2A, 0x5F, 0x2A, 0x0E, 0x44, 0x35, 0x00} },   // 影
    { 0x5F79, {0x3A, 0x29, 0x66, 0x3B, 0x2A, 0x12, 0x6E, 0x00} },   // 役
    { 0x5F7C, {0x12, 0x7D, 0x56, 0x3F, 0x2E, 0x16, 0x6A, 0x00} },   // 彼
    { 0x5F80, {0x0A, 0x11, 0x7E, 0x13, 0x3A, 0x12, 0x7E, 0x00} },   // 往
    { 0x5F81, {0x7A, 0x21, 0x22, 0x6B, 0x2A, 0x2A, 0x7E, 0x00} },   // 征
    { 0x5F84, {0x3E, 0x29, 0x12, 0x6F, 0x3A, 0x12, 0x7E, 0x00} },   // 径
    { 0x5F85, {0x12, 0x39, 0x12, 0x7F, 0x22, 0x7E, 0x2A, 0x00} },   // 待
    { 0x5F8B, {0x12, 0x3D, 0x72, 0x3F, 0x12, 0x7E, 0x12, 0x00} },   // 律
    { 0x5F8C, {0x12, 0x09, 0x52, 0x7F, 0x2A, 0x12, 0x6E, 0x00} },   // 後
    { 0x5F90, {0x12, 0x29, 0x7E, 0x13, 0x7E, 0x12, 0x56, 0x00} },   // 徐
    { 0x5F92, {0x12, 0x39, 0x12, 0x7F, 0x32, 0x1A, 0x76, 0x00} },   // 徒
    { 0x5F93, {0x52, 0x7D, 0x22, 0x6B, 0x2A, 0x2A, 0x76, 0x00} },   // 従
    { 0x5F97, {0x3A, 0x29, 0x7E, 0x23, 0x7E, 0x2A, 0x32, 0x00} },   // 得
    { 0x5FA1, {0x66, 0x7D, 0x6A, 0x7B, 0x6E, 0x3E, 0x22, 0x00} },   // 御
    { 0x5FA9, {0x0A, 0x79, 0x36, 0x33, 0x2A, 0x12, 0x6E, 0x00} },   // 復
    { 0x5FAA, {0x42, 0x39, 0x7A, 0x2B, 0x7A, 0x76, 0x72, 0x00} },   // 循
    { 0x5FAE, {0x2A, 0x7D, 0x62, 0x7F, 0x6A, 0x2A, 0x56, 0x00} },   // 微
    { 0x5FB3, {0x12, 0x7D, 0x3A, 0x3B, 0x02, 0x4E, 0x76, 0x00} },   // 徳
    { 0x5FB4, {0x2A, 0x7D, 0x62, 0x7F, 0x6A, 0x3E, 0x52, 0x00} },   // 徴
    { 0x5FB9, {0x2A, 0x7D, 0x6A, 0x67, 0x7A, 0x3A, 0x5A, 0x00} },   // 徹
    { 0x5FBD, {0x2A, 0x7D, 0x6A, 0x77, 0x6A, 0x3E, 0x4A, 0x00} },   // 徽
    { 0x5FC3, {0x04, 0x08, 0x04, 0x26, 0x46, 0x25, 0x3C, 0x00} },   // 心
    { 0x5FC5, {0x04, 0x28, 0x24, 0x55, 0x4D, 0x04, 0x7B, 0x00} },   // 必
    { 0x5FCC, {0x3E, 0x20, 0x3E, 0x02, 0x3E, 0x53, 0x5D, 0x00} },   // 忌
    { 0x5FCD, {0x3E, 0x34, 0x28, 0x36, 0x08, 0x53, 0x5D, 0x00} },   // 忍
    { 0x5FD7, {0x08, 0x7F, 0x08, 0x3E, 0x00, 0x53, 0x5D, 0x00} },   // 志
    { 0x5FD8, {0x08, 0x7F, 0x02, 0x3E, 0x2A, 0x53, 0x5D, 0x00} },   // 忘
    { 0x5FD9, {0x12, 0x7F, 0x0B, 0x0A, 0x0A, 0x0A, 0x72, 0x00} },   // 忙
    { 0x5FDC, {0x10, 0x7E, 0x0A, 0x12, 0x0A, 0x6E, 0x39, 0x00} },   // 応
    { 0x5FE0, {0x08, 0x3E, 0x2A, 0x3E, 0x08, 0x53, 0x5D, 0x00} },   // 忠
    { 0x5FEB, {0x12, 0x3B, 0x33, 0x7E, 0x12, 0x12, 0x6E, 0x00} },   // 快
    { 0x5FF5, {0x08, 0x14, 0x7B, 0x1C, 0x10, 0x43, 0x5D, 0x00} },   // 念
    { 0x5FFD, {0x02, 0x7E, 0x55, 0x54, 0x2A, 0x53, 0x5D, 0x00} },   // 忽
    { 0x6012, {0x74, 0x5F, 0x2A, 0x57, 0x00, 0x53, 0x5D, 0x00} },   // 怒
    { 0x6016, {0x0A, 0x7F, 0x0B, 0x26, 0x7A, 0x6A, 0x22, 0x00} },   // 怖
    { 0x601C, {0x12, 0x2B, 0x77, 0x02, 0x7E, 0x52, 0x12, 0x00} },   // 怜
    { 0x601D, {0x3E, 0x2A, 0x3E, 0x2A, 0x3E, 0x53, 0x5D, 0x00} },   // 思
    { 0x6020, {0x08, 0x24, 0x5F, 0x22, 0x3E, 0x53, 0x5D, 0x00} },   // 怠
    { 0x6025, {0x1C, 0x13, 0x3E, 0x20, 0x3E, 0x53, 0x5D, 0x00} },   // 急
    { 0x6027, {0x1A, 0x7B, 0x17, 0x12, 0x3A, 0x12, 0x7E, 0x00} },   // 性
    { 0x6028, {0x7E, 0x5B, 0x14, 0x73, 0x08, 0x53, 0x5D, 0x00} },   // 怨
    { 0x602A, {0x3E, 0x2B, 0x13, 0x6E, 0x3A, 0x12, 0x7E, 0x00} },   // 怪
    { 0x602F, {0x12, 0x3B, 0x13, 0x7E, 0x12, 0x2A, 0x5E, 0x00} },   // 怯
    { 0x604B, {0x08, 0x7F, 0x14, 0x55, 0x00, 0x53, 0x5D, 0x00} },   // 恋
    { 0x6050, {0x37, 0x32, 0x36, 0x6B, 0x00, 0x53, 0x5D, 0x00} },   // 恐
    { 0x6052, {0x7E, 0x3B, 0x2B, 0x3A, 0x2A, 0x3A, 0x7E, 0x00} },   // 恒
    { 0x6055, {0x74, 0x5F, 0x5A, 0x77, 0x00, 0x53, 0x5D, 0x00} },   // 恕
    { 0x6062, {0x7A, 0x2B, 0x7B, 0x3A, 0x2A, 0x2A, 0x56, 0x00} },   // 恢
    { 0x6065, {0x17, 0x26, 0x16, 0x5E, 0x1E, 0x57, 0x74, 0x00} },   // 恥
    { 0x6068, {0x7A, 0x4F, 0x7B, 0x4A, 0x7A, 0x2A, 0x5A, 0x00} },   // 恨
    { 0x6069, {0x3E, 0x2A, 0x36, 0x3E, 0x2A, 0x53, 0x5D, 0x00} },   // 恩
    { 0x606D, {0x14, 0x3E, 0x14, 0x7F, 0x22, 0x04, 0x55, 0x00} },   // 恭
    { 0x606F, {0x08, 0x3E, 0x22, 0x3E, 0x3E, 0x53, 0x5D, 0x00} },   // 息
    { 0x6070, {0x12, 0x2B, 0x77, 0x02, 0x3A, 0x2A, 0x3A, 0x00} },   // 恰
    { 0x6075, {0x08, 0x7F, 0x3E, 0x2A, 0x3E, 0x53, 0x5D, 0x00} },   // 恵
    { 0x6089, {0x7F, 0x2A, 0x7F, 0x1C, 0x6B, 0x12, 0x5D, 0x00} },   // 悉
    { 0x608C, {0x2A, 0x7F, 0x53, 0x7E, 0x16, 0x7A, 0x56, 0x00} },   // 悌
    { 0x6094, {0x0A, 0x7B, 0x33, 0x7E, 0x2A, 0x7A, 0x22, 0x00} },   // 悔
    { 0x609F, {0x3A, 0x13, 0x3F, 0x2A, 0x7E, 0x2A, 0x3A, 0x00} },   // 悟
    { 0x60A0, {0x64, 0x5A, 0x2B, 0x5A, 0x00, 0x53, 0x5D, 0x00} },   // 悠
    { 0x60A3, {0x08, 0x1C, 0x1C, 0x3E, 0x3E, 0x53, 0x5D, 0x00} },   // 患
    { 0x60A6, {0x2A, 0x7F, 0x47, 0x7E, 0x2A, 0x2A, 0x66, 0x00} },   // 悦
    { 0x60A9, {0x56, 0x43, 0x2B, 0x56, 0x6E, 0x46, 0x7E, 0x00} },   // 悩
    { 0x60AA, {0x7F, 0x3E, 0x3E, 0x7F, 0x2A, 0x53, 0x5D, 0x00} },   // 悪
    { 0x60B2, {0x14, 0x77, 0x14, 0x77, 0x14, 0x43, 0x5D, 0x00} },   // 悲
    { 0x60B6, {0x77, 0x55, 0x77, 0x49, 0x45, 0x77, 0x5D, 0x00} },   // 悶
    { 0x60BC, {0x12, 0x73, 0x3B, 0x2A, 0x3A, 0x7E, 0x12, 0x00} },   // 悼
    { 0x60C5, {0x12, 0x3B, 0x13, 0x7E, 0x2A, 0x3A, 0x2A, 0x00} },   // 情
    { 0x60C7, {0x12, 0x7F, 0x2B, 0x3A, 0x22, 0x7E, 0x12, 0x00} },   // 惇
    { 0x60D1, {0x50, 0x7F, 0x26, 0x57, 0x00, 0x53, 0x5D, 0x00} },   // 惑
    { 0x60DA, {0x0A, 0x7B, 0x57, 0x52, 0x2A, 0x4E, 0x76, 0x00} },   // 惚
    { 0x60DC, {0x2A, 0x7F, 0x2B, 0x7E, 0x3A, 0x2A, 0x3A, 0x00} },   // 惜
    { 0x60DF, {0x2A, 0x7B, 0x2F, 0x7A, 0x2A, 0x2A, 0x7A, 0x00} },   // 惟
    { 0x60E3, {0x13, 0x77, 0x6A, 0x57, 0x6A, 0x13, 0x5D, 0x00} },   // 惣
    { 0x60E8, {0x12, 0x2B, 0x5F, 0x2A, 0x56, 0x22, 0x1A, 0x00} },   // 惨
    { 0x60F0, {0x0A, 0x7F, 0x2B, 0x76, 0x3A, 0x3A, 0x2A, 0x00} },   // 惰
    { 0x60F3, {0x74, 0x5F, 0x76, 0x5D, 0x74, 0x03, 0x5D, 0x00} },   // 想
    { 0x60F9, {0x14, 0x7F, 0x04, 0x7F, 0x3A, 0x53, 0x5D, 0x00} },   // 惹
    { 0x6101, {0x2E, 0x7F, 0x2E, 0x55, 0x00, 0x53, 0x5D, 0x00} },   // 愁
    { 0x6108, {0x08, 0x14, 0x7B, 0x2E, 0x2E, 0x53, 0x5D, 0x00} },   // 愈
    { 0x6109, {0x12, 0x2B, 0x77, 0x02, 0x5A, 0x5A, 0x5A, 0x00} },   // 愉
    { 0x610F, {0x08, 0x3E, 0x14, 0x7F, 0x1C, 0x53, 0x5D, 0x00} },   // 意
    { 0x611A, {0x1C, 0x1C, 0x3E, 0x3A, 0x2E, 0x53, 0x5D, 0x00} },   // 愚
    { 0x611B, {0x7F, 0x2A, 0x7F, 0x55, 0x3A, 0x14, 0x6B, 0x00} },   // 愛
    { 0x611F, {0x20, 0x7E, 0x2E, 0x4D, 0x00, 0x53, 0x5D, 0x00} },   // 感
    { 0x6148, {0x24, 0x7F, 0x24, 0x12, 0x24, 0x53, 0x5D, 0x00} },   // 慈
    { 0x614B, {0x2A, 0x6F, 0x0A, 0x2E, 0x6A, 0x13, 0x5D, 0x00} },   // 態
    { 0x614C, {0x2A, 0x7F, 0x0B, 0x3A, 0x02, 0x5A, 0x56, 0x00} },   // 慌
    { 0x614E, {0x12, 0x7F, 0x3B, 0x3A, 0x7E, 0x02, 0x46, 0x00} },   // 慎
    { 0x6155, {0x14, 0x7F, 0x1C, 0x7F, 0x22, 0x04, 0x55, 0x00} },   // 慕
    { 0x6162, {0x3A, 0x2B, 0x7F, 0x7E, 0x2A, 0x12, 0x6E, 0x00} },   // 慢
    { 0x6163, {0x3A, 0x6F, 0x3B, 0x3A, 0x3A, 0x3A, 0x46, 0x00} },   // 慣
    { 0x6167, {0x22, 0x77, 0x22, 0x7F, 0x3C, 0x53, 0x5D, 0x00} },   // 慧
    { 0x6168, {0x72, 0x6F, 0x6F, 0x7E, 0x26, 0x2E, 0x52, 0x00} },   // 慨
    { 0x616E, {0x10, 0x70, 0x1E, 0x7A, 0x3A, 0x4E, 0x75, 0x00} },   // 慮
    { 0x6170, {0x4E, 0x7E, 0x52, 0x4E, 0x65, 0x12, 0x5D, 0x00} },   // 慰
    { 0x6176, {0x10, 0x7E, 0x2A, 0x7E, 0x5E, 0x32, 0x6D, 0x00} },   // 慶
    { 0x617E, {0x1A, 0x74, 0x6B, 0x26, 0x56, 0x03, 0x5D, 0x00} },   // 慾
    { 0x6182, {0x7F, 0x1C, 0x1C, 0x7F, 0x77, 0x08, 0x77, 0x00} },   // 憂
    { 0x618E, {0x2A, 0x7F, 0x57, 0x7E, 0x3A, 0x2A, 0x3A, 0x00} },   // 憎
    { 0x6190, {0x56, 0x3B, 0x57, 0x02, 0x2E, 0x7A, 0x26, 0x00} },   // 憐
    { 0x61A4, {0x12, 0x7F, 0x2B, 0x7E, 0x2A, 0x3A, 0x46, 0x00} },   // 憤
    { 0x61A7, {0x12, 0x7F, 0x2B, 0x7E, 0x3A, 0x12, 0x7E, 0x00} },   // 憧
    { 0x61A9, {0x2F, 0x72, 0x5F, 0x76, 0x00, 0x53, 0x5D, 0x00} },   // 憩
    { 0x61B2, {0x08, 0x7F, 0x49, 0x3E, 0x1C, 0x53, 0x5D, 0x00} },   // 憲
    { 0x61B6, {0x12, 0x7F, 0x2B, 0x7E, 0x3A, 0x4E, 0x76, 0x00} },   // 憶
    { 0x61BE, {0x22, 0x7F, 0x2F, 0x4E, 0x02, 0x4E, 0x76, 0x00} },   // 憾
    { 0x61C7, {0x34, 0x3B, 0x56, 0x35, 0x56, 0x03, 0x5D, 0x00} },   // 懇
    { 0x61D0, {0x12, 0x7F, 0x5B, 0x7A, 0x7E, 0x2E, 0x5A, 0x00} },   // 懐
    { 0x61F2, {0x2A, 0x7D, 0x62, 0x3F, 0x4A, 0x13, 0x5D, 0x00} },   // 懲
    { 0x61F8, {0x76, 0x27, 0x11, 0x77, 0x2A, 0x53, 0x5D, 0x00} },   // 懸
    { 0x620A, {0x50, 0x7E, 0x12, 0x52, 0x22, 0x32, 0x4D, 0x00} },   // 戊
    { 0x620E, {0x50, 0x7F, 0x10, 0x12, 0x57, 0x22, 0x59, 0x00} },   // 戎
    { 0x6210, {0x20, 0x7E, 0x22, 0x2E, 0x6A, 0x2A, 0x55, 0x00} },   // 成
    { 0x6211, {0x58, 0x16, 0x7F, 0x14, 0x5F, 0x24, 0x56, 0x00} },   // 我
    { 0x6212, {0x20, 0x7F, 0x20, 0x2A, 0x7F, 0x2A, 0x59, 0x00} },   // 戒
    { 0x6216, {0x50, 0x7F, 0x10, 0x16, 0x56, 0x20, 0x5B, 0x00} },   // 或
    { 0x621A, {0x20, 0x7E, 0x2A, 0x3A, 0x6A, 0x3E, 0x49, 0x00} },   // 戚
    { 0x621F, {0x57, 0x12, 0x7F, 0x15, 0x52, 0x27, 0x5A, 0x00} },   // 戟
    { 0x6226, {0x55, 0x10, 0x7F, 0x2F, 0x64, 0x2F, 0x54, 0x00} },   // 戦
    { 0x622F, {0x64, 0x2C, 0x77, 0x2D, 0x65, 0x2D, 0x57, 0x00} },   // 戯
    { 0x6234, {0x54, 0x1E, 0x7F, 0x16, 0x5F, 0x20, 0x55, 0x00} },   // 戴
    { 0x6238, {0x7F, 0x00, 0x3E, 0x22, 0x3E, 0x02, 0x01, 0x00} },   // 戸
    { 0x623B, {0x7F, 0x22, 0x3E, 0x12, 0x7E, 0x12, 0x6D, 0x00} },   // 戻
    { 0x623F, {0x7F, 0x22, 0x3E, 0x12, 0x7E, 0x2A, 0x35, 0x00} },   // 房
    { 0x6240, {0x4F, 0x30, 0x1E, 0x7A, 0x5E, 0x52, 0x49, 0x00} },   // 所
    { 0x6247, {0x7F, 0x3E, 0x02, 0x7E, 0x56, 0x7A, 0x55, 0x00} },   // 扇
    { 0x6249, {0x7F, 0x22, 0x3E, 0x6E, 0x2A, 0x6E, 0x25, 0x00} },   // 扉
    { 0x624B, {0x30, 0x0E, 0x7F, 0x08, 0x7F, 0x08, 0x0C, 0x00} },   // 手
    { 0x624D, {0x10, 0x7F, 0x10, 0x30, 0x18, 0x17, 0x18, 0x00} },   // 才
    { 0x6253, {0x7A, 0x27, 0x22, 0x26, 0x23, 0x22, 0x33, 0x00} },   // 打
    { 0x6255, {0x12, 0x17, 0x12, 0x16, 0x0B, 0x2A, 0x5F, 0x00} },   // 払
    { 0x6258, {0x22, 0x1B, 0x12, 0x7E, 0x13, 0x52, 0x73, 0x00} },   // 托
    { 0x626E, {0x2A, 0x2B, 0x46, 0x3A, 0x2B, 0x2A, 0x37, 0x00} },   // 扮
    { 0x6271, {0x3E, 0x2B, 0x6A, 0x4A, 0x5B, 0x26, 0x5B, 0x00} },   // 扱
    { 0x6276, {0x12, 0x3B, 0x12, 0x7E, 0x13, 0x2A, 0x47, 0x00} },   // 扶
    { 0x6279, {0x2A, 0x2B, 0x7A, 0x2A, 0x2B, 0x3A, 0x6F, 0x00} },   // 批
    { 0x627F, {0x1C, 0x10, 0x4B, 0x3E, 0x2A, 0x5D, 0x08, 0x00} },   // 承
    { 0x6280, {0x12, 0x7F, 0x12, 0x3E, 0x2B, 0x12, 0x6F, 0x00} },   // 技
    { 0x6284, {0x12, 0x3B, 0x5A, 0x16, 0x53, 0x22, 0x1B, 0x00} },   // 抄
    { 0x628A, {0x7E, 0x57, 0x56, 0x7E, 0x07, 0x46, 0x7B, 0x00} },   // 把
    { 0x6291, {0x0A, 0x77, 0x56, 0x56, 0x5F, 0x16, 0x13, 0x00} },   // 抑
    { 0x6295, {0x3A, 0x2B, 0x66, 0x3A, 0x2B, 0x12, 0x6F, 0x00} },   // 投
    { 0x6297, {0x12, 0x7F, 0x02, 0x3A, 0x2B, 0x2A, 0x67, 0x00} },   // 抗
    { 0x6298, {0x22, 0x1B, 0x0A, 0x7A, 0x2B, 0x26, 0x23, 0x00} },   // 折
    { 0x629C, {0x0A, 0x7F, 0x0A, 0x3A, 0x2B, 0x16, 0x6B, 0x00} },   // 抜
    { 0x629E, {0x7A, 0x4B, 0x7A, 0x2A, 0x2B, 0x4A, 0x47, 0x00} },   // 択
    { 0x62AB, {0x12, 0x7F, 0x56, 0x3E, 0x2F, 0x16, 0x6B, 0x00} },   // 披
    { 0x62B1, {0x0A, 0x7B, 0x5E, 0x52, 0x5B, 0x0A, 0x7B, 0x00} },   // 抱
    { 0x62B5, {0x42, 0x3B, 0x2A, 0x7A, 0x2B, 0x4A, 0x7B, 0x00} },   // 抵
    { 0x62B9, {0x12, 0x7F, 0x12, 0x3A, 0x13, 0x3A, 0x57, 0x00} },   // 抹
    { 0x62BC, {0x7E, 0x57, 0x7E, 0x56, 0x7F, 0x12, 0x13, 0x00} },   // 押
    { 0x62BD, {0x12, 0x7F, 0x56, 0x7E, 0x57, 0x56, 0x7F, 0x00} },   // 抽
    { 0x62C5, {0x7A, 0x4F, 0x7A, 0x4E, 0x7B, 0x02, 0x7B, 0x00} },   // 担
    { 0x62CD, {0x12, 0x7F, 0x4A, 0x7E, 0x4B, 0x4A, 0x7B, 0x00} },   // 拍
    { 0x62D0, {0x7A, 0x4F, 0x7A, 0x06, 0x7B, 0x52, 0x6B, 0x00} },   // 拐
    { 0x62D2, {0x7A, 0x0F, 0x7A, 0x4E, 0x7B, 0x0A, 0x7B, 0x00} },   // 拒
    { 0x62D3, {0x7A, 0x17, 0x12, 0x76, 0x5B, 0x52, 0x73, 0x00} },   // 拓
    { 0x62D8, {0x0A, 0x7B, 0x46, 0x5A, 0x5B, 0x42, 0x63, 0x00} },   // 拘
    { 0x62D9, {0x12, 0x57, 0x7E, 0x12, 0x57, 0x56, 0x7F, 0x00} },   // 拙
    { 0x62DB, {0x7A, 0x57, 0x4A, 0x66, 0x7B, 0x4A, 0x7B, 0x00} },   // 招
    { 0x62DD, {0x7E, 0x3B, 0x12, 0x3A, 0x13, 0x7E, 0x13, 0x00} },   // 拝
    { 0x62E0, {0x0A, 0x7B, 0x56, 0x56, 0x5B, 0x0A, 0x77, 0x00} },   // 拠
    { 0x62E1, {0x22, 0x7B, 0x0A, 0x2A, 0x2B, 0x56, 0x73, 0x00} },   // 拡
    { 0x62EC, {0x22, 0x1B, 0x7E, 0x12, 0x3B, 0x2A, 0x3B, 0x00} },   // 括
    { 0x62ED, {0x52, 0x13, 0x7E, 0x22, 0x3F, 0x2A, 0x5F, 0x00} },   // 拭
    { 0x62F3, {0x2A, 0x1C, 0x7F, 0x22, 0x5D, 0x3E, 0x0C, 0x00} },   // 拳
    { 0x62F6, {0x52, 0x2F, 0x52, 0x76, 0x5B, 0x22, 0x1B, 0x00} },   // 拶
    { 0x62F7, {0x52, 0x3B, 0x12, 0x7E, 0x1B, 0x76, 0x43, 0x00} },   // 拷
    { 0x62FE, {0x12, 0x2B, 0x76, 0x02, 0x3B, 0x2A, 0x3B, 0x00} },   // 拾
    { 0x6301, {0x12, 0x3B, 0x12, 0x7E, 0x23, 0x7E, 0x2B, 0x00} },   // 持
    { 0x6307, {0x4A, 0x3B, 0x4A, 0x7A, 0x03, 0x7A, 0x7B, 0x00} },   // 指
    { 0x6309, {0x12, 0x7F, 0x56, 0x7E, 0x2B, 0x32, 0x4F, 0x00} },   // 按
    { 0x6311, {0x2A, 0x6F, 0x2A, 0x6E, 0x2B, 0x2A, 0x67, 0x00} },   // 挑
    { 0x6319, {0x2A, 0x7F, 0x22, 0x5D, 0x3E, 0x7F, 0x0C, 0x00} },   // 挙
    { 0x631F, {0x12, 0x7F, 0x12, 0x56, 0x7F, 0x12, 0x6F, 0x00} },   // 挟
    { 0x6328, {0x12, 0x4F, 0x7A, 0x16, 0x7B, 0x22, 0x5B, 0x00} },   // 挨
    { 0x632B, {0x2A, 0x2B, 0x56, 0x12, 0x3B, 0x12, 0x7F, 0x00} },   // 挫
    { 0x632F, {0x7A, 0x0B, 0x6A, 0x0A, 0x7B, 0x2E, 0x5B, 0x00} },   // 振
    { 0x633A, {0x4E, 0x3B, 0x26, 0x7A, 0x2F, 0x7A, 0x77, 0x00} },   // 挺
    { 0x633D, {0x32, 0x2B, 0x7E, 0x56, 0x7F, 0x2A, 0x67, 0x00} },   // 挽
    { 0x633F, {0x62, 0x1F, 0x12, 0x7E, 0x57, 0x7E, 0x13, 0x00} },   // 挿
    { 0x6349, {0x7A, 0x4B, 0x7A, 0x22, 0x6B, 0x2A, 0x77, 0x00} },   // 捉
    { 0x634C, {0x5E, 0x77, 0x7E, 0x6A, 0x5B, 0x56, 0x57, 0x00} },   // 捌
    { 0x6355, {0x52, 0x7F, 0x12, 0x7E, 0x57, 0x7E, 0x57, 0x00} },   // 捕
    { 0x6357, {0x22, 0x6B, 0x2A, 0x7E, 0x57, 0x22, 0x1B, 0x00} },   // 捗
    { 0x635C, {0x12, 0x7F, 0x56, 0x7E, 0x2B, 0x12, 0x6F, 0x00} },   // 捜
    { 0x6367, {0x12, 0x3B, 0x7E, 0x2A, 0x57, 0x3A, 0x13, 0x00} },   // 捧
    { 0x6368, {0x12, 0x2B, 0x56, 0x3A, 0x7F, 0x2A, 0x3B, 0x00} },   // 捨
    { 0x636E, {0x7A, 0x7B, 0x2A, 0x7A, 0x2B, 0x56, 0x73, 0x00} },   // 据
    { 0x6372, {0x56, 0x3B, 0x7E, 0x2A, 0x57, 0x0A, 0x3B, 0x00} },   // 捲
    { 0x6377, {0x22, 0x7B, 0x62, 0x3A, 0x63, 0x2A, 0x77, 0x00} },   // 捷
    { 0x637A, {0x12, 0x7F, 0x2A, 0x46, 0x3B, 0x12, 0x57, 0x00} },   // 捺
    { 0x637B, {0x12, 0x2B, 0x76, 0x3A, 0x23, 0x4E, 0x77, 0x00} },   // 捻
    { 0x6383, {0x3A, 0x23, 0x7E, 0x56, 0x3B, 0x3A, 0x13, 0x00} },   // 掃
    { 0x6388, {0x7E, 0x2B, 0x7E, 0x46, 0x3B, 0x12, 0x6F, 0x00} },   // 授
    { 0x638C, {0x2A, 0x7F, 0x55, 0x1C, 0x3E, 0x7F, 0x0C, 0x00} },   // 掌
    { 0x6392, {0x2A, 0x6F, 0x2A, 0x6E, 0x2B, 0x6E, 0x2B, 0x00} },   // 排
    { 0x6398, {0x7E, 0x47, 0x7E, 0x76, 0x27, 0x6A, 0x7B, 0x00} },   // 掘
    { 0x639B, {0x2A, 0x3F, 0x2A, 0x7E, 0x2B, 0x3E, 0x23, 0x00} },   // 掛
    { 0x63A0, {0x12, 0x7F, 0x2A, 0x3A, 0x13, 0x56, 0x1B, 0x00} },   // 掠
    { 0x63A1, {0x62, 0x1F, 0x56, 0x22, 0x7F, 0x3A, 0x57, 0x00} },   // 採
    { 0x63A2, {0x7E, 0x47, 0x2A, 0x66, 0x7F, 0x3A, 0x57, 0x00} },   // 探
    { 0x63A5, {0x12, 0x7F, 0x2A, 0x7E, 0x2B, 0x32, 0x4F, 0x00} },   // 接
    { 0x63A7, {0x12, 0x7F, 0x6E, 0x02, 0x3B, 0x12, 0x7F, 0x00} },   // 控
    { 0x63A8, {0x2A, 0x7B, 0x2E, 0x7A, 0x2B, 0x2A, 0x7B, 0x00} },   // 推
    { 0x63A9, {0x12, 0x7F, 0x2A, 0x56, 0x3B, 0x3A, 0x63, 0x00} },   // 掩
    { 0x63AA, {0x2A, 0x7F, 0x2A, 0x7E, 0x3B, 0x2A, 0x3B, 0x00} },   // 措
    { 0x63AC, {0x0A, 0x7B, 0x6E, 0x52, 0x7B, 0x52, 0x6B, 0x00} },   // 掬
    { 0x63B2, {0x3A, 0x2B, 0x3A, 0x7A, 0x4F, 0x5A, 0x63, 0x00} },   // 掲
    { 0x63B4, {0x7E, 0x7B, 0x52, 0x7A, 0x53, 0x7A, 0x7F, 0x00} },   // 掴
    { 0x63BB, {0x3E, 0x2B, 0x12, 0x7E, 0x3B, 0x52, 0x7F, 0x00} },   // 掻
    { 0x63C3, {0x2A, 0x7F, 0x02, 0x5E, 0x57, 0x5E, 0x57, 0x00} },   // 揃
    { 0x63CF, {0x2A, 0x7F, 0x2A, 0x7E, 0x7F, 0x56, 0x7F, 0x00} },   // 描
    { 0x63D0, {0x32, 0x37, 0x7A, 0x22, 0x6B, 0x2A, 0x77, 0x00} },   // 提
    { 0x63D6, {0x3A, 0x2B, 0x7E, 0x3A, 0x2B, 0x7E, 0x23, 0x00} },   // 揖
    { 0x63DA, {0x3A, 0x2B, 0x7E, 0x0A, 0x7B, 0x56, 0x6B, 0x00} },   // 揚
    { 0x63DB, {0x3A, 0x27, 0x3A, 0x3A, 0x7F, 0x12, 0x6F, 0x00} },   // 換
    { 0x63E1, {0x7A, 0x7B, 0x2A, 0x1A, 0x7B, 0x26, 0x7B, 0x00} },   // 握
    { 0x63EE, {0x7E, 0x57, 0x7E, 0x3A, 0x3B, 0x7E, 0x13, 0x00} },   // 揮
    { 0x63F4, {0x62, 0x1F, 0x56, 0x7A, 0x53, 0x2A, 0x57, 0x00} },   // 援
    { 0x63FA, {0x62, 0x5B, 0x12, 0x7E, 0x13, 0x56, 0x7F, 0x00} },   // 揺
    { 0x640D, {0x32, 0x37, 0x7A, 0x4E, 0x7B, 0x02, 0x4B, 0x00} },   // 損
    { 0x642C, {0x6A, 0x5F, 0x16, 0x76, 0x5F, 0x36, 0x57, 0x00} },   // 搬
    { 0x642D, {0x2A, 0x7F, 0x12, 0x2A, 0x7F, 0x2A, 0x3B, 0x00} },   // 搭
    { 0x643A, {0x2A, 0x7B, 0x2E, 0x7A, 0x3F, 0x6A, 0x47, 0x00} },   // 携
    { 0x643E, {0x12, 0x7F, 0x6E, 0x0A, 0x3B, 0x76, 0x13, 0x00} },   // 搾
    { 0x6442, {0x7E, 0x2B, 0x2A, 0x7E, 0x47, 0x2A, 0x47, 0x00} },   // 摂
    { 0x6458, {0x12, 0x7F, 0x2A, 0x7E, 0x57, 0x6E, 0x7F, 0x00} },   // 摘
    { 0x6469, {0x10, 0x7E, 0x2A, 0x7E, 0x2A, 0x7E, 0x19, 0x00} },   // 摩
    { 0x6478, {0x2A, 0x7F, 0x3A, 0x2A, 0x7F, 0x12, 0x6F, 0x00} },   // 摸
    { 0x647A, {0x6E, 0x4B, 0x6E, 0x4A, 0x13, 0x3A, 0x3B, 0x00} },   // 摺
    { 0x6483, {0x74, 0x5F, 0x2E, 0x57, 0x3C, 0x7F, 0x0C, 0x00} },   // 撃
    { 0x6492, {0x2A, 0x7F, 0x5A, 0x5E, 0x5B, 0x3A, 0x5B, 0x00} },   // 撒
    { 0x649A, {0x2A, 0x7B, 0x36, 0x2A, 0x57, 0x02, 0x57, 0x00} },   // 撚
    { 0x649E, {0x12, 0x7F, 0x2A, 0x7E, 0x3B, 0x12, 0x7F, 0x00} },   // 撞
    { 0x64A4, {0x2A, 0x7F, 0x6A, 0x66, 0x7B, 0x3A, 0x5B, 0x00} },   // 撤
    { 0x64AB, {0x06, 0x7F, 0x2A, 0x7E, 0x2B, 0x7E, 0x57, 0x00} },   // 撫
    { 0x64AD, {0x7E, 0x2B, 0x7E, 0x3A, 0x57, 0x3A, 0x3B, 0x00} },   // 播
    { 0x64AE, {0x3A, 0x2B, 0x7E, 0x7A, 0x5B, 0x3E, 0x53, 0x00} },   // 撮
    { 0x64B0, {0x6E, 0x4B, 0x26, 0x6E, 0x3B, 0x02, 0x47, 0x00} },   // 撰
    { 0x64B2, {0x56, 0x7F, 0x2A, 0x7E, 0x3B, 0x12, 0x6F, 0x00} },   // 撲
    { 0x64B9, {0x56, 0x3B, 0x46, 0x3A, 0x3B, 0x3A, 0x67, 0x00} },   // 撹
    { 0x64C1, {0x12, 0x7F, 0x6A, 0x36, 0x6F, 0x2A, 0x67, 0x00} },   // 擁
    { 0x64CD, {0x3A, 0x2B, 0x7E, 0x56, 0x7F, 0x3A, 0x57, 0x00} },   // 操
    { 0x64E2, {0x6E, 0x4B, 0x6E, 0x2A, 0x7B, 0x2E, 0x7B, 0x00} },   // 擢
    { 0x64E6, {0x12, 0x7F, 0x56, 0x2A, 0x47, 0x3A, 0x57, 0x00} },   // 擦
    { 0x64EC, {0x66, 0x5F, 0x66, 0x3A, 0x7F, 0x2A, 0x57, 0x00} },   // 擬
    { 0x64FE, {0x7E, 0x3B, 0x3A, 0x7E, 0x6F, 0x12, 0x6F, 0x00} },   // 擾
    { 0x652F, {0x08, 0x7F, 0x08, 0x1E, 0x14, 0x08, 0x77, 0x00} },   // 支
    { 0x6539, {0x17, 0x74, 0x5F, 0x51, 0x55, 0x27, 0x58, 0x00} },   // 改
    { 0x653B, {0x10, 0x77, 0x5A, 0x52, 0x56, 0x23, 0x58, 0x00} },   // 攻
    { 0x653E, {0x24, 0x6F, 0x52, 0x5E, 0x5A, 0x2A, 0x5D, 0x00} },   // 放
    { 0x653F, {0x2F, 0x64, 0x54, 0x5D, 0x55, 0x2D, 0x53, 0x00} },   // 政
    { 0x6545, {0x12, 0x77, 0x5A, 0x57, 0x55, 0x27, 0x58, 0x00} },   // 故
    { 0x654F, {0x21, 0x6F, 0x56, 0x5E, 0x55, 0x2F, 0x54, 0x00} },   // 敏
    { 0x6551, {0x24, 0x6F, 0x54, 0x5D, 0x56, 0x2D, 0x56, 0x00} },   // 救
    { 0x6557, {0x17, 0x75, 0x5F, 0x55, 0x57, 0x20, 0x55, 0x00} },   // 敗
    { 0x6559, {0x24, 0x6E, 0x54, 0x5F, 0x5A, 0x2D, 0x54, 0x00} },   // 教
    { 0x6562, {0x2E, 0x64, 0x5F, 0x5A, 0x5A, 0x2F, 0x58, 0x00} },   // 敢
    { 0x6563, {0x2A, 0x6F, 0x5A, 0x5F, 0x5A, 0x2E, 0x5A, 0x00} },   // 散
    { 0x6566, {0x24, 0x6F, 0x5A, 0x5E, 0x5C, 0x27, 0x54, 0x00} },   // 敦
    { 0x656C, {0x2A, 0x6F, 0x5A, 0x5E, 0x59, 0x2A, 0x5C, 0x00} },   // 敬
    { 0x6570, {0x35, 0x6E, 0x55, 0x52, 0x5F, 0x2A, 0x57, 0x00} },   // 数
    { 0x6574, {0x64, 0x5F, 0x2E, 0x55, 0x7F, 0x3A, 0x7F, 0x00} },   // 整
    { 0x6575, {0x24, 0x6F, 0x5A, 0x5F, 0x55, 0x3B, 0x5F, 0x00} },   // 敵
    { 0x6577, {0x24, 0x6F, 0x56, 0x56, 0x5F, 0x26, 0x55, 0x00} },   // 敷
    { 0x6587, {0x08, 0x7F, 0x14, 0x14, 0x08, 0x14, 0x63, 0x00} },   // 文
    { 0x6589, {0x08, 0x7F, 0x14, 0x08, 0x77, 0x1C, 0x12, 0x00} },   // 斉
    { 0x658C, {0x5A, 0x27, 0x7C, 0x25, 0x2A, 0x3A, 0x5D, 0x00} },   // 斌
    { 0x658E, {0x08, 0x7F, 0x1C, 0x77, 0x2A, 0x3E, 0x29, 0x00} },   // 斎
    { 0x6590, {0x14, 0x77, 0x14, 0x7F, 0x14, 0x08, 0x77, 0x00} },   // 斐
    { 0x6591, {0x6B, 0x3E, 0x32, 0x77, 0x2A, 0x2B, 0x74, 0x00} },   // 斑
    { 0x6597, {0x12, 0x14, 0x12, 0x14, 0x70, 0x1F, 0x10, 0x00} },   // 斗
    { 0x6599, {0x25, 0x2A, 0x27, 0x2A, 0x63, 0x3F, 0x22, 0x00} },   // 料
    { 0x659C, {0x44, 0x5A, 0x4F, 0x54, 0x4F, 0x74, 0x4D, 0x00} },   // 斜
    { 0x65A1, {0x17, 0x2A, 0x67, 0x2D, 0x22, 0x7F, 0x22, 0x00} },   // 斡
    { 0x65A4, {0x30, 0x0E, 0x02, 0x7E, 0x12, 0x12, 0x11, 0x00} },   // 斤
    { 0x65A5, {0x30, 0x0E, 0x02, 0x7E, 0x1A, 0x32, 0x11, 0x00} },   // 斥
    { 0x65A7, {0x14, 0x63, 0x1C, 0x63, 0x3E, 0x12, 0x11, 0x00} },   // 斧
    { 0x65AC, {0x27, 0x1A, 0x0F, 0x7F, 0x2A, 0x27, 0x22, 0x00} },   // 斬
    { 0x65AD, {0x4B, 0x35, 0x1F, 0x75, 0x5B, 0x51, 0x4F, 0x00} },   // 断
    { 0x65AF, {0x4A, 0x3F, 0x1A, 0x7E, 0x5F, 0x50, 0x49, 0x00} },   // 斯
    { 0x65B0, {0x44, 0x3F, 0x1A, 0x74, 0x5F, 0x4E, 0x55, 0x00} },   // 新
    { 0x65B9, {0x08, 0x7F, 0x04, 0x3C, 0x24, 0x22, 0x31, 0x00} },   // 方
    { 0x65BC, {0x24, 0x5F, 0x02, 0x2E, 0x4A, 0x2A, 0x4D, 0x00} },   // 於
    { 0x65BD, {0x12, 0x77, 0x1A, 0x76, 0x5E, 0x15, 0x75, 0x00} },   // 施
    { 0x65C5, {0x12, 0x77, 0x2A, 0x16, 0x5E, 0x35, 0x55, 0x00} },   // 旅
    { 0x65CB, {0x12, 0x77, 0x0A, 0x76, 0x66, 0x35, 0x6D, 0x00} },   // 旋
    { 0x65CF, {0x12, 0x77, 0x1A, 0x36, 0x7E, 0x25, 0x55, 0x00} },   // 族
    { 0x65D7, {0x12, 0x77, 0x3A, 0x36, 0x7E, 0x05, 0x4D, 0x00} },   // 旗
    { 0x65E2, {0x7F, 0x55, 0x57, 0x7D, 0x27, 0x31, 0x6F, 0x00} },   // 既
    { 0x65E5, {0x7E, 0x42, 0x42, 0x7E, 0x42, 0x42, 0x7E, 0x00} },   // 日
    { 0x65E6, {0x3E, 0x22, 0x3E, 0x22, 0x3E, 0x00, 0x7F, 0x00} },   // 旦
    { 0x65E7, {0x7D, 0x45, 0x45, 0x7D, 0x45, 0x45, 0x7D, 0x00} },   // 旧
    { 0x65E8, {0x31, 0x0F, 0x41, 0x7E, 0x3E, 0x22, 0x3E, 0x00} },   // 旨
    { 0x65E9, {0x3E, 0x22, 0x3E, 0x22, 0x3E, 0x7F, 0x08, 0x00} },   // 早
    { 0x65EC, {0x04, 0x7C, 0x56, 0x5D, 0x54, 0x5C, 0x60, 0x00} },   // 旬
    { 0x65ED, {0x72, 0x5F, 0x7A, 0x5A, 0x7A, 0x0A, 0x79, 0x00} },   // 旭
    { 0x65FA, {0x78, 0x27, 0x25, 0x77, 0x25, 0x27, 0x78, 0x00} },   // 旺
    { 0x6602, {0x3E, 0x22, 0x3E, 0x72, 0x51, 0x57, 0x10, 0x00} },   // 昂
    { 0x6606, {0x3E, 0x22, 0x3E, 0x12, 0x76, 0x12, 0x77, 0x00} },   // 昆
    { 0x6607, {0x3E, 0x22, 0x3E, 0x14, 0x7F, 0x14, 0x12, 0x00} },   // 昇
    { 0x660C, {0x3E, 0x22, 0x7F, 0x41, 0x7F, 0x41, 0x7F, 0x00} },   // 昌
    { 0x660E, {0x77, 0x55, 0x77, 0x55, 0x77, 0x48, 0x64, 0x00} },   // 明
    { 0x660F, {0x30, 0x0E, 0x3E, 0x12, 0x67, 0x3E, 0x3E, 0x00} },   // 昏
    { 0x6613, {0x3E, 0x22, 0x3E, 0x04, 0x7E, 0x55, 0x6A, 0x00} },   // 易
    { 0x6614, {0x14, 0x3E, 0x14, 0x7F, 0x3E, 0x22, 0x3E, 0x00} },   // 昔
    { 0x661F, {0x3E, 0x22, 0x7E, 0x0A, 0x3D, 0x08, 0x7F, 0x00} },   // 星
    { 0x6620, {0x10, 0x3F, 0x2D, 0x7F, 0x15, 0x17, 0x6C, 0x00} },   // 映
    { 0x6625, {0x08, 0x3E, 0x1C, 0x7F, 0x22, 0x5D, 0x1C, 0x00} },   // 春
    { 0x6627, {0x10, 0x3F, 0x15, 0x7F, 0x15, 0x3B, 0x54, 0x00} },   // 昧
    { 0x6628, {0x10, 0x77, 0x1D, 0x77, 0x15, 0x77, 0x10, 0x00} },   // 昨
    { 0x662D, {0x78, 0x57, 0x4D, 0x67, 0x7D, 0x4F, 0x78, 0x00} },   // 昭
    { 0x662F, {0x3E, 0x22, 0x7F, 0x08, 0x3A, 0x0A, 0x7D, 0x00} },   // 是
    { 0x663C, {0x3E, 0x22, 0x1E, 0x22, 0x5D, 0x14, 0x7F, 0x00} },   // 昼
    { 0x6642, {0x10, 0x3F, 0x15, 0x7F, 0x25, 0x7F, 0x28, 0x00} },   // 時
    { 0x6643, {0x3E, 0x3E, 0x08, 0x2A, 0x7F, 0x14, 0x73, 0x00} },   // 晃
    { 0x664B, {0x7F, 0x36, 0x14, 0x7F, 0x3E, 0x22, 0x3E, 0x00} },   // 晋
    { 0x6652, {0x7C, 0x2B, 0x7D, 0x6F, 0x6D, 0x47, 0x7C, 0x00} },   // 晒
    { 0x6666, {0x08, 0x7F, 0x35, 0x77, 0x2D, 0x7F, 0x20, 0x00} },   // 晦
    { 0x6669, {0x30, 0x2F, 0x7D, 0x57, 0x7D, 0x2B, 0x64, 0x00} },   // 晩
    { 0x666E, {0x24, 0x7F, 0x36, 0x14, 0x7F, 0x22, 0x3E, 0x00} },   // 普
    { 0x666F, {0x3E, 0x22, 0x7F, 0x22, 0x3E, 0x2A, 0x4D, 0x00} },   // 景
    { 0x6674, {0x20, 0x77, 0x25, 0x7F, 0x55, 0x77, 0x50, 0x00} },   // 晴
    { 0x6676, {0x3E, 0x22, 0x7F, 0x55, 0x77, 0x55, 0x77, 0x00} },   // 晶
    { 0x667A, {0x02, 0x7E, 0x55, 0x7A, 0x3F, 0x22, 0x3E, 0x00} },   // 智
    { 0x6681, {0x10, 0x3F, 0x7D, 0x2F, 0x7D, 0x2B, 0x64, 0x00} },   // 暁
    { 0x6687, {0x6C, 0x4F, 0x65, 0x7F, 0x55, 0x2F, 0x54, 0x00} },   // 暇
    { 0x6691, {0x3E, 0x22, 0x3E, 0x1C, 0x7F, 0x2C, 0x3B, 0x00} },   // 暑
    { 0x6696, {0x60, 0x1F, 0x55, 0x7F, 0x55, 0x2F, 0x54, 0x00} },   // 暖
    { 0x6697, {0x10, 0x7F, 0x2D, 0x7F, 0x05, 0x37, 0x30, 0x00} },   // 暗
    { 0x66A2, {0x72, 0x57, 0x7D, 0x17, 0x75, 0x6F, 0x52, 0x00} },   // 暢
    { 0x66A6, {0x7E, 0x2A, 0x7E, 0x2A, 0x7E, 0x46, 0x7D, 0x00} },   // 暦
    { 0x66AB, {0x74, 0x1F, 0x76, 0x2F, 0x24, 0x3E, 0x3E, 0x00} },   // 暫
    { 0x66AE, {0x14, 0x7F, 0x1C, 0x7F, 0x22, 0x5D, 0x1C, 0x00} },   // 暮
    { 0x66B4, {0x3E, 0x3E, 0x14, 0x7F, 0x2A, 0x1C, 0x6B, 0x00} },   // 暴
    { 0x66C7, {0x3E, 0x22, 0x7F, 0x6D, 0x1E, 0x24, 0x5F, 0x00} },   // 曇
    { 0x66D9, {0x7C, 0x57, 0x7D, 0x37, 0x7D, 0x5B, 0x74, 0x00} },   // 曙
    { 0x66DC, {0x78, 0x57, 0x7D, 0x27, 0x75, 0x3F, 0x70, 0x00} },   // 曜
    { 0x66DD, {0x78, 0x7F, 0x35, 0x7F, 0x55, 0x3B, 0x54, 0x00} },   // 曝
    { 0x66F2, {0x14, 0x7F, 0x55, 0x7F, 0x55, 0x55, 0x7F, 0x00} },   // 曲
    { 0x66F3, {0x08, 0x3E, 0x2A, 0x3E, 0x50, 0x20, 0x5F, 0x00} },   // 曳
    { 0x66F4, {0x7F, 0x2A, 0x3E, 0x2A, 0x3E, 0x0C, 0x73, 0x00} },   // 更
    { 0x66F8, {0x08, 0x3E, 0x68, 0x3F, 0x08, 0x7F, 0x3E, 0x00} },   // 書
    { 0x66F9, {0x14, 0x7F, 0x7F, 0x55, 0x7F, 0x22, 0x3E, 0x00} },   // 曹
    { 0x66FD, {0x24, 0x7F, 0x49, 0x7F, 0x3E, 0x22, 0x3E, 0x00} },   // 曽
    { 0x66FE, {0x14, 0x22, 0x7F, 0x2A, 0x3E, 0x22, 0x3E, 0x00} },   // 曾
    { 0x66FF, {0x22, 0x77, 0x22, 0x55, 0x3E, 0x22, 0x3E, 0x00} },   // 替
    { 0x6700, {0x3E, 0x22, 0x7F, 0x4A, 0x5A, 0x2F, 0x58, 0x00} },   // 最
    { 0x6708, {0x7C, 0x44, 0x7C, 0x44, 0x7C, 0x42, 0x61, 0x00} },   // 月
    { 0x6709, {0x04, 0x7F, 0x04, 0x3E, 0x25, 0x3C, 0x24, 0x00} },   // 有
    { 0x670B, {0x7E, 0x5A, 0x7E, 0x5A, 0x7E, 0x5A, 0x6D, 0x00} },   // 朋
    { 0x670D, {0x7E, 0x4A, 0x0E, 0x7A, 0x5E, 0x2A, 0x5D, 0x00} },   // 服
    { 0x6714, {0x7A, 0x5F, 0x74, 0x55, 0x7F, 0x52, 0x69, 0x00} },   // 朔
    { 0x6715, {0x57, 0x05, 0x77, 0x25, 0x77, 0x25, 0x5D, 0x00} },   // 朕
    { 0x6717, {0x72, 0x57, 0x75, 0x57, 0x71, 0x55, 0x6B, 0x00} },   // 朗
    { 0x671B, {0x74, 0x5F, 0x72, 0x4E, 0x7F, 0x08, 0x7F, 0x00} },   // 望
    { 0x671D, {0x77, 0x52, 0x77, 0x55, 0x72, 0x57, 0x6A, 0x00} },   // 朝
    { 0x671F, {0x7A, 0x5F, 0x7A, 0x5E, 0x7F, 0x50, 0x69, 0x00} },   // 期
    { 0x6728, {0x08, 0x7F, 0x08, 0x1C, 0x2A, 0x49, 0x08, 0x00} },   // 木
    { 0x672A, {0x08, 0x3E, 0x08, 0x7F, 0x08, 0x1C, 0x6B, 0x00} },   // 未
    { 0x672B, {0x08, 0x7F, 0x08, 0x3E, 0x08, 0x1C, 0x6B, 0x00} },   // 末
    { 0x672C, {0x08, 0x7F, 0x08, 0x1C, 0x2A, 0x5D, 0x08, 0x00} },   // 本
    { 0x672D, {0x14, 0x1F, 0x14, 0x1E, 0x16, 0x55, 0x74, 0x00} },   // 札
    { 0x6731, {0x0A, 0x3E, 0x09, 0x7F, 0x08, 0x1C, 0x6B, 0x00} },   // 朱
    { 0x6734, {0x14, 0x1F, 0x14, 0x3E, 0x56, 0x15, 0x14, 0x00} },   // 朴
    { 0x673A, {0x3A, 0x2B, 0x2A, 0x2B, 0x2B, 0x2A, 0x66, 0x00} },   // 机
    { 0x673D, {0x7A, 0x17, 0x12, 0x77, 0x43, 0x42, 0x62, 0x00} },   // 朽
    { 0x6749, {0x44, 0x2F, 0x44, 0x2E, 0x06, 0x45, 0x34, 0x00} },   // 杉
    { 0x674E, {0x08, 0x7F, 0x3C, 0x5B, 0x10, 0x7F, 0x08, 0x00} },   // 李
    { 0x674F, {0x08, 0x7F, 0x1C, 0x6B, 0x3E, 0x22, 0x3E, 0x00} },   // 杏
    { 0x6750, {0x22, 0x7F, 0x22, 0x63, 0x33, 0x2E, 0x32, 0x00} },   // 材
    { 0x6751, {0x24, 0x7F, 0x24, 0x2E, 0x36, 0x25, 0x34, 0x00} },   // 村
    { 0x6753, {0x0A, 0x7B, 0x46, 0x4B, 0x53, 0x42, 0x62, 0x00} },   // 杓
    { 0x6756, {0x12, 0x7F, 0x12, 0x1B, 0x13, 0x2A, 0x46, 0x00} },   // 杖
    { 0x675C, {0x22, 0x27, 0x7A, 0x27, 0x23, 0x22, 0x7A, 0x00} },   // 杜
    { 0x675F, {0x08, 0x7F, 0x2A, 0x3E, 0x08, 0x1C, 0x6B, 0x00} },   // 束
    { 0x6761, {0x18, 0x16, 0x08, 0x77, 0x3E, 0x1C, 0x6B, 0x00} },   // 条
    { 0x6762, {0x08, 0x7F, 0x1C, 0x6B, 0x3E, 0x08, 0x7F, 0x00} },   // 杢
    { 0x6765, {0x08, 0x7F, 0x2A, 0x08, 0x7F, 0x1C, 0x6B, 0x00} },   // 来
    { 0x676D, {0x12, 0x7F, 0x02, 0x3B, 0x2B, 0x2A, 0x66, 0x00} },   // 杭
    { 0x676F, {0x7E, 0x13, 0x12, 0x3B, 0x57, 0x12, 0x12, 0x00} },   // 杯
    { 0x6771, {0x08, 0x7F, 0x2A, 0x3E, 0x2A, 0x1C, 0x6B, 0x00} },   // 東
    { 0x6775, {0x0A, 0x3B, 0x16, 0x13, 0x7F, 0x12, 0x12, 0x00} },   // 杵
    { 0x6777, {0x7E, 0x57, 0x56, 0x7F, 0x07, 0x46, 0x7A, 0x00} },   // 杷
    { 0x677E, {0x2A, 0x2B, 0x46, 0x13, 0x13, 0x2A, 0x5E, 0x00} },   // 松
    { 0x677F, {0x7A, 0x0B, 0x7A, 0x5B, 0x5B, 0x26, 0x5A, 0x00} },   // 板
    { 0x6787, {0x2A, 0x2B, 0x7A, 0x2B, 0x2B, 0x3A, 0x6E, 0x00} },   // 枇
    { 0x6790, {0x22, 0x1B, 0x0A, 0x7B, 0x2B, 0x2A, 0x26, 0x00} },   // 析
    { 0x6795, {0x12, 0x7F, 0x56, 0x33, 0x33, 0x2A, 0x66, 0x00} },   // 枕
    { 0x6797, {0x24, 0x7F, 0x24, 0x36, 0x6E, 0x25, 0x24, 0x00} },   // 林
    { 0x679A, {0x0A, 0x7B, 0x2E, 0x2B, 0x2B, 0x12, 0x6E, 0x00} },   // 枚
    { 0x679C, {0x3E, 0x2A, 0x3E, 0x2A, 0x7F, 0x1C, 0x6B, 0x00} },   // 果
    { 0x679D, {0x12, 0x7F, 0x12, 0x3F, 0x2B, 0x12, 0x6E, 0x00} },   // 枝
    { 0x67A0, {0x0A, 0x3F, 0x2A, 0x67, 0x13, 0x7E, 0x12, 0x00} },   // 枠
    { 0x67A2, {0x7A, 0x0F, 0x5A, 0x2F, 0x5B, 0x0A, 0x7A, 0x00} },   // 枢
    { 0x67AF, {0x12, 0x13, 0x7E, 0x13, 0x3B, 0x2A, 0x3A, 0x00} },   // 枯
    { 0x67B6, {0x02, 0x7F, 0x5A, 0x7D, 0x7F, 0x1C, 0x6B, 0x00} },   // 架
    { 0x67C1, {0x22, 0x7F, 0x4A, 0x17, 0x73, 0x12, 0x72, 0x00} },   // 柁
    { 0x67C4, {0x7E, 0x13, 0x7E, 0x57, 0x6F, 0x46, 0x66, 0x00} },   // 柄
    { 0x67CA, {0x32, 0x2B, 0x12, 0x6F, 0x13, 0x02, 0x32, 0x00} },   // 柊
    { 0x67CF, {0x12, 0x7F, 0x4A, 0x7F, 0x4B, 0x4A, 0x7A, 0x00} },   // 柏
    { 0x67D0, {0x14, 0x7F, 0x14, 0x1C, 0x7F, 0x1C, 0x6B, 0x00} },   // 某
    { 0x67D1, {0x2A, 0x7F, 0x2A, 0x3B, 0x2B, 0x2A, 0x3A, 0x00} },   // 柑
    { 0x67D3, {0x09, 0x3C, 0x29, 0x64, 0x7F, 0x1C, 0x6B, 0x00} },   // 染
    { 0x67D4, {0x1C, 0x7F, 0x4A, 0x0D, 0x7F, 0x1C, 0x6B, 0x00} },   // 柔
    { 0x67D8, {0x7A, 0x17, 0x12, 0x77, 0x5B, 0x52, 0x72, 0x00} },   // 柘
    { 0x67DA, {0x12, 0x7F, 0x56, 0x7F, 0x57, 0x56, 0x7E, 0x00} },   // 柚
    { 0x67F1, {0x0A, 0x13, 0x7E, 0x13, 0x3B, 0x12, 0x7E, 0x00} },   // 柱
    { 0x67F3, {0x6A, 0x67, 0x6E, 0x6F, 0x6F, 0x2A, 0x26, 0x00} },   // 柳
    { 0x67F4, {0x24, 0x6D, 0x25, 0x6F, 0x7F, 0x1C, 0x6B, 0x00} },   // 柴
    { 0x67F5, {0x7A, 0x5B, 0x5A, 0x7F, 0x5B, 0x5A, 0x4A, 0x00} },   // 柵
    { 0x67FB, {0x08, 0x7F, 0x1C, 0x6B, 0x3E, 0x22, 0x7F, 0x00} },   // 査
    { 0x67FE, {0x7A, 0x27, 0x22, 0x6F, 0x2B, 0x2A, 0x7A, 0x00} },   // 柾
    { 0x67FF, {0x12, 0x7F, 0x12, 0x7F, 0x57, 0x56, 0x12, 0x00} },   // 柿
    { 0x6802, {0x3A, 0x2B, 0x2A, 0x7F, 0x27, 0x7E, 0x32, 0x00} },   // 栂
    { 0x6803, {0x7A, 0x0B, 0x7A, 0x2B, 0x6B, 0x56, 0x52, 0x00} },   // 栃
    { 0x6804, {0x2A, 0x7F, 0x49, 0x3E, 0x08, 0x1C, 0x6B, 0x00} },   // 栄
    { 0x6813, {0x12, 0x2B, 0x7E, 0x13, 0x3B, 0x12, 0x7E, 0x00} },   // 栓
    { 0x6816, {0x7E, 0x2B, 0x7E, 0x6F, 0x6F, 0x46, 0x7E, 0x00} },   // 栖
    { 0x6817, {0x7F, 0x2A, 0x3E, 0x08, 0x7F, 0x1C, 0x6B, 0x00} },   // 栗
    { 0x6821, {0x12, 0x7F, 0x2A, 0x47, 0x2B, 0x12, 0x6E, 0x00} },   // 校
    { 0x6822, {0x7A, 0x17, 0x7A, 0x4F, 0x7B, 0x4A, 0x7A, 0x00} },   // 栢
    { 0x682A, {0x1A, 0x3B, 0x16, 0x7F, 0x13, 0x3A, 0x56, 0x00} },   // 株
    { 0x6834, {0x0A, 0x7B, 0x06, 0x3B, 0x2B, 0x7E, 0x2A, 0x00} },   // 栴
    { 0x6838, {0x12, 0x7F, 0x0A, 0x57, 0x2B, 0x32, 0x4E, 0x00} },   // 核
    { 0x6839, {0x7A, 0x4F, 0x7A, 0x4F, 0x7B, 0x2A, 0x5A, 0x00} },   // 根
    { 0x683C, {0x32, 0x2B, 0x12, 0x2B, 0x47, 0x3A, 0x3A, 0x00} },   // 格
    { 0x683D, {0x14, 0x5E, 0x14, 0x7F, 0x64, 0x2E, 0x55, 0x00} },   // 栽
    { 0x6841, {0x6A, 0x07, 0x6A, 0x4F, 0x4B, 0x4A, 0x6A, 0x00} },   // 桁
    { 0x6842, {0x12, 0x3B, 0x12, 0x7F, 0x3B, 0x12, 0x7E, 0x00} },   // 桂
    { 0x6843, {0x2A, 0x6F, 0x2A, 0x6F, 0x2B, 0x2A, 0x66, 0x00} },   // 桃
    { 0x6848, {0x08, 0x7F, 0x55, 0x2E, 0x7F, 0x1C, 0x6B, 0x00} },   // 案
    { 0x6850, {0x7A, 0x4F, 0x7A, 0x4F, 0x7B, 0x7A, 0x4A, 0x00} },   // 桐
    { 0x6851, {0x1C, 0x10, 0x67, 0x44, 0x3B, 0x1C, 0x6B, 0x00} },   // 桑
    { 0x6853, {0x7E, 0x3B, 0x2A, 0x3B, 0x2B, 0x3A, 0x7E, 0x00} },   // 桓
    { 0x6854, {0x12, 0x7F, 0x12, 0x3B, 0x03, 0x3A, 0x3A, 0x00} },   // 桔
    { 0x685C, {0x56, 0x23, 0x12, 0x7F, 0x2B, 0x32, 0x4E, 0x00} },   // 桜
    { 0x685D, {0x4A, 0x7B, 0x56, 0x5B, 0x73, 0x4A, 0x46, 0x00} },   // 桝
    { 0x685F, {0x52, 0x7F, 0x12, 0x3F, 0x53, 0x22, 0x5A, 0x00} },   // 桟
    { 0x6867, {0x12, 0x2B, 0x76, 0x03, 0x7F, 0x2A, 0x5E, 0x00} },   // 桧
    { 0x6876, {0x7A, 0x23, 0x7E, 0x57, 0x7F, 0x56, 0x56, 0x00} },   // 桶
    { 0x6881, {0x3D, 0x28, 0x69, 0x34, 0x7F, 0x1C, 0x6B, 0x00} },   // 梁
    { 0x6885, {0x0A, 0x7B, 0x32, 0x7F, 0x2B, 0x7A, 0x22, 0x00} },   // 梅
    { 0x6893, {0x12, 0x7F, 0x2A, 0x7F, 0x13, 0x7E, 0x12, 0x00} },   // 梓
    { 0x6897, {0x7E, 0x3B, 0x3A, 0x13, 0x1B, 0x12, 0x6E, 0x00} },   // 梗
    { 0x68A2, {0x6A, 0x27, 0x7A, 0x4F, 0x7B, 0x4A, 0x6A, 0x00} },   // 梢
    { 0x68A7, {0x3A, 0x13, 0x3E, 0x2B, 0x7F, 0x2A, 0x3A, 0x00} },   // 梧
    { 0x68A8, {0x56, 0x5F, 0x56, 0x4D, 0x7F, 0x1C, 0x6B, 0x00} },   // 梨
    { 0x68AF, {0x2A, 0x7F, 0x52, 0x7F, 0x17, 0x7A, 0x56, 0x00} },   // 梯
    { 0x68B0, {0x22, 0x7F, 0x2A, 0x3F, 0x6B, 0x2A, 0x52, 0x00} },   // 械
    { 0x68B1, {0x7E, 0x57, 0x7E, 0x57, 0x7F, 0x56, 0x7E, 0x00} },   // 梱
    { 0x68B6, {0x7A, 0x7B, 0x6A, 0x3B, 0x6B, 0x3A, 0x66, 0x00} },   // 梶
    { 0x68BC, {0x12, 0x3B, 0x7E, 0x2B, 0x7F, 0x26, 0x2A, 0x00} },   // 梼
    { 0x68C4, {0x08, 0x7F, 0x14, 0x2E, 0x7F, 0x1C, 0x6B, 0x00} },   // 棄
    { 0x68C9, {0x12, 0x3B, 0x2A, 0x3B, 0x7F, 0x56, 0x12, 0x00} },   // 棉
    { 0x68CB, {0x2A, 0x7F, 0x2A, 0x3B, 0x7F, 0x02, 0x46, 0x00} },   // 棋
    { 0x68D2, {0x12, 0x3B, 0x7E, 0x2B, 0x57, 0x3A, 0x12, 0x00} },   // 棒
    { 0x68DA, {0x7E, 0x57, 0x7E, 0x57, 0x7F, 0x56, 0x6A, 0x00} },   // 棚
    { 0x68DF, {0x12, 0x7F, 0x3A, 0x3B, 0x13, 0x3A, 0x56, 0x00} },   // 棟
    { 0x68EE, {0x08, 0x3E, 0x1C, 0x2A, 0x7F, 0x36, 0x6D, 0x00} },   // 森
    { 0x68F2, {0x12, 0x7F, 0x32, 0x3B, 0x7F, 0x2A, 0x5E, 0x00} },   // 棲
    { 0x68FA, {0x12, 0x7F, 0x46, 0x3B, 0x7B, 0x4A, 0x7A, 0x00} },   // 棺
    { 0x6900, {0x12, 0x7F, 0x46, 0x7B, 0x57, 0x1A, 0x76, 0x00} },   // 椀
    { 0x6905, {0x12, 0x7F, 0x12, 0x2B, 0x7F, 0x22, 0x2A, 0x00} },   // 椅
    { 0x690B, {0x12, 0x7F, 0x2A, 0x3B, 0x13, 0x56, 0x1A, 0x00} },   // 椋
    { 0x690D, {0x22, 0x7B, 0x22, 0x6B, 0x6B, 0x0A, 0x7A, 0x00} },   // 植
    { 0x690E, {0x2A, 0x7B, 0x2E, 0x7B, 0x2B, 0x2A, 0x7A, 0x00} },   // 椎
    { 0x6919, {0x32, 0x37, 0x7A, 0x4F, 0x7B, 0x4A, 0x7A, 0x00} },   // 椙
    { 0x691B, {0x2A, 0x7F, 0x22, 0x2B, 0x6F, 0x2A, 0x6A, 0x00} },   // 椛
    { 0x691C, {0x12, 0x2B, 0x7E, 0x57, 0x7F, 0x12, 0x6E, 0x00} },   // 検
    { 0x6934, {0x7A, 0x57, 0x0E, 0x77, 0x5F, 0x26, 0x56, 0x00} },   // 椴
    { 0x693F, {0x12, 0x7F, 0x3A, 0x7F, 0x2B, 0x76, 0x32, 0x00} },   // 椿
    { 0x694A, {0x3A, 0x2B, 0x7E, 0x0B, 0x7B, 0x56, 0x6A, 0x00} },   // 楊
    { 0x6953, {0x7E, 0x57, 0x7E, 0x7F, 0x57, 0x76, 0x5A, 0x00} },   // 楓
    { 0x6955, {0x0A, 0x7F, 0x2A, 0x77, 0x3B, 0x3A, 0x2A, 0x00} },   // 楕
    { 0x695A, {0x24, 0x7F, 0x36, 0x6D, 0x3F, 0x1A, 0x7D, 0x00} },   // 楚
    { 0x6960, {0x12, 0x7F, 0x12, 0x6F, 0x57, 0x7E, 0x56, 0x00} },   // 楠
    { 0x6962, {0x2A, 0x7F, 0x2A, 0x7F, 0x6F, 0x46, 0x7E, 0x00} },   // 楢
    { 0x696D, {0x55, 0x7F, 0x14, 0x3E, 0x7F, 0x1C, 0x6B, 0x00} },   // 業
    { 0x696F, {0x42, 0x3B, 0x7A, 0x2B, 0x7B, 0x76, 0x72, 0x00} },   // 楯
    { 0x6973, {0x2A, 0x7F, 0x2A, 0x3B, 0x7F, 0x3A, 0x56, 0x00} },   // 楳
    { 0x6975, {0x7A, 0x17, 0x32, 0x6F, 0x6B, 0x22, 0x7A, 0x00} },   // 極
    { 0x697C, {0x56, 0x3B, 0x56, 0x0B, 0x7F, 0x2A, 0x5E, 0x00} },   // 楼
    { 0x697D, {0x49, 0x36, 0x5D, 0x08, 0x7F, 0x1C, 0x6B, 0x00} },   // 楽
    { 0x6982, {0x72, 0x6F, 0x6E, 0x7F, 0x27, 0x2E, 0x52, 0x00} },   // 概
    { 0x698A, {0x2A, 0x7F, 0x5A, 0x77, 0x5B, 0x7A, 0x2A, 0x00} },   // 榊
    { 0x698E, {0x7E, 0x3B, 0x3A, 0x3B, 0x2F, 0x12, 0x6E, 0x00} },   // 榎
    { 0x6994, {0x6A, 0x7F, 0x36, 0x7F, 0x67, 0x36, 0x2E, 0x00} },   // 榔
    { 0x699B, {0x12, 0x7F, 0x12, 0x2B, 0x57, 0x3A, 0x56, 0x00} },   // 榛
    { 0x69CB, {0x2A, 0x7F, 0x2A, 0x7F, 0x3B, 0x7E, 0x2A, 0x00} },   // 構
    { 0x69CC, {0x4A, 0x67, 0x62, 0x2F, 0x6B, 0x6A, 0x76, 0x00} },   // 槌
    { 0x69CD, {0x12, 0x2B, 0x5E, 0x1B, 0x0B, 0x36, 0x32, 0x00} },   // 槍
    { 0x69D8, {0x2A, 0x7F, 0x3A, 0x7F, 0x57, 0x3A, 0x56, 0x00} },   // 様
    { 0x69D9, {0x12, 0x7F, 0x3A, 0x3B, 0x7F, 0x02, 0x46, 0x00} },   // 槙
    { 0x69FB, {0x6A, 0x7F, 0x6A, 0x7F, 0x6B, 0x2A, 0x56, 0x00} },   // 槻
    { 0x69FD, {0x2A, 0x7F, 0x2A, 0x7F, 0x7F, 0x2A, 0x3A, 0x00} },   // 槽
    { 0x6A0B, {0x36, 0x23, 0x72, 0x7F, 0x5B, 0x0A, 0x76, 0x00} },   // 樋
    { 0x6A17, {0x3A, 0x7F, 0x56, 0x3B, 0x7B, 0x42, 0x62, 0x00} },   // 樗
    { 0x6A19, {0x7E, 0x3B, 0x3A, 0x03, 0x7F, 0x12, 0x56, 0x00} },   // 標
    { 0x6A1F, {0x12, 0x7F, 0x2A, 0x7F, 0x3B, 0x7E, 0x12, 0x00} },   // 樟
    { 0x6A21, {0x2A, 0x7F, 0x3A, 0x2B, 0x7F, 0x12, 0x6E, 0x00} },   // 模
    { 0x6A29, {0x12, 0x77, 0x2A, 0x77, 0x3B, 0x32, 0x72, 0x00} },   // 権
    { 0x6A2A, {0x2A, 0x7F, 0x2A, 0x7F, 0x3B, 0x3A, 0x46, 0x00} },   // 横
    { 0x6A2B, {0x7E, 0x5F, 0x2E, 0x53, 0x3B, 0x12, 0x7E, 0x00} },   // 樫
    { 0x6A35, {0x2A, 0x7B, 0x2E, 0x2B, 0x7B, 0x02, 0x56, 0x00} },   // 樵
    { 0x6A39, {0x4A, 0x7F, 0x4A, 0x5F, 0x77, 0x4A, 0x5E, 0x00} },   // 樹
    { 0x6A3A, {0x2A, 0x7F, 0x3A, 0x7F, 0x3B, 0x7E, 0x12, 0x00} },   // 樺
    { 0x6A3D, {0x2A, 0x7F, 0x6E, 0x47, 0x7F, 0x2A, 0x32, 0x00} },   // 樽
    { 0x6A4B, {0x3A, 0x7F, 0x2A, 0x57, 0x7F, 0x46, 0x56, 0x00} },   // 橋
    { 0x6A58, {0x3A, 0x7F, 0x5A, 0x17, 0x7F, 0x6E, 0x56, 0x00} },   // 橘
    { 0x6A5F, {0x4A, 0x27, 0x4A, 0x3F, 0x6B, 0x2A, 0x56, 0x00} },   // 機
    { 0x6A61, {0x32, 0x2F, 0x3A, 0x3B, 0x5B, 0x36, 0x5A, 0x00} },   // 橡
    { 0x6A7F, {0x7A, 0x37, 0x32, 0x7B, 0x33, 0x32, 0x7A, 0x00} },   // 橿
    { 0x6A80, {0x12, 0x7F, 0x6E, 0x7F, 0x3B, 0x2A, 0x7E, 0x00} },   // 檀
    { 0x6A8E, {0x12, 0x6F, 0x3A, 0x7F, 0x57, 0x76, 0x5E, 0x00} },   // 檎
    { 0x6AD3, {0x32, 0x2F, 0x3A, 0x3B, 0x57, 0x3A, 0x3A, 0x00} },   // 櫓
    { 0x6ADB, {0x26, 0x6F, 0x4A, 0x6F, 0x6F, 0x26, 0x2E, 0x00} },   // 櫛
    { 0x6AE8, {0x22, 0x67, 0x3A, 0x6B, 0x0B, 0x36, 0x7A, 0x00} },   // 櫨
    { 0x6B04, {0x6E, 0x6F, 0x56, 0x7F, 0x57, 0x7E, 0x56, 0x00} },   // 欄
    { 0x6B1D, {0x2A, 0x77, 0x2A, 0x7F, 0x6E, 0x46, 0x6F, 0x00} },   // 欝
    { 0x6B20, {0x02, 0x7E, 0x4A, 0x09, 0x08, 0x14, 0x63, 0x00} },   // 欠
    { 0x6B21, {0x09, 0x78, 0x54, 0x10, 0x11, 0x29, 0x45, 0x00} },   // 次
    { 0x6B23, {0x28, 0x66, 0x52, 0x2E, 0x2A, 0x2A, 0x59, 0x00} },   // 欣
    { 0x6B27, {0x17, 0x71, 0x6B, 0x25, 0x2B, 0x21, 0x57, 0x00} },   // 欧
    { 0x6B32, {0x2A, 0x61, 0x54, 0x2A, 0x21, 0x2E, 0x5E, 0x00} },   // 欲
    { 0x6B3A, {0x2A, 0x7F, 0x4A, 0x2E, 0x3F, 0x20, 0x59, 0x00} },   // 欺
    { 0x6B3D, {0x12, 0x75, 0x6F, 0x22, 0x27, 0x26, 0x5B, 0x00} },   // 欽
    { 0x6B3E, {0x12, 0x77, 0x6A, 0x27, 0x20, 0x27, 0x5A, 0x00} },   // 款
    { 0x6B4C, {0x17, 0x74, 0x6D, 0x27, 0x24, 0x25, 0x5E, 0x00} },   // 歌
    { 0x6B4E, {0x2A, 0x6F, 0x5A, 0x2F, 0x2F, 0x24, 0x5B, 0x00} },   // 歎
    { 0x6B53, {0x22, 0x6E, 0x55, 0x2E, 0x27, 0x26, 0x5E, 0x00} },   // 歓
    { 0x6B62, {0x08, 0x08, 0x3A, 0x0A, 0x0A, 0x0A, 0x7F, 0x00} },   // 止
    { 0x6B63, {0x7F, 0x08, 0x08, 0x3A, 0x0A, 0x0A, 0x7F, 0x00} },   // 正
    { 0x6B64, {0x14, 0x14, 0x5D, 0x35, 0x15, 0x5D, 0x73, 0x00} },   // 此
    { 0x6B66, {0x56, 0x10, 0x7F, 0x14, 0x2E, 0x26, 0x4F, 0x00} },   // 武
    { 0x6B69, {0x08, 0x3A, 0x0A, 0x7F, 0x2A, 0x59, 0x0E, 0x00} },   // 歩
    { 0x6B6A, {0x7F, 0x2C, 0x4B, 0x3E, 0x38, 0x0A, 0x7F, 0x00} },   // 歪
    { 0x6B6F, {0x08, 0x7A, 0x3F, 0x6E, 0x5A, 0x6E, 0x7E, 0x00} },   // 歯
    { 0x6B73, {0x08, 0x3A, 0x0A, 0x7F, 0x62, 0x2E, 0x55, 0x00} },   // 歳
    { 0x6B74, {0x7E, 0x2A, 0x7E, 0x2A, 0x62, 0x2A, 0x7D, 0x00} },   // 歴
    { 0x6B7B, {0x7F, 0x12, 0x56, 0x35, 0x16, 0x52, 0x71, 0x00} },   // 死
    { 0x6B86, {0x27, 0x22, 0x56, 0x7D, 0x06, 0x72, 0x71, 0x00} },   // 殆
    { 0x6B89, {0x17, 0x72, 0x6E, 0x7D, 0x6E, 0x7A, 0x41, 0x00} },   // 殉
    { 0x6B8A, {0x1F, 0x3A, 0x16, 0x7D, 0x16, 0x3A, 0x55, 0x00} },   // 殊
    { 0x6B8B, {0x57, 0x7A, 0x16, 0x3D, 0x56, 0x22, 0x59, 0x00} },   // 残
    { 0x6B96, {0x27, 0x7A, 0x26, 0x6D, 0x6E, 0x0A, 0x79, 0x00} },   // 殖
    { 0x6BB4, {0x77, 0x51, 0x0B, 0x75, 0x5B, 0x21, 0x57, 0x00} },   // 殴
    { 0x6BB5, {0x74, 0x52, 0x06, 0x72, 0x56, 0x23, 0x5A, 0x00} },   // 段
    { 0x6BBA, {0x7A, 0x54, 0x0B, 0x74, 0x5F, 0x2E, 0x55, 0x00} },   // 殺
    { 0x6BBB, {0x72, 0x57, 0x02, 0x7F, 0x59, 0x26, 0x5D, 0x00} },   // 殻
    { 0x6BBF, {0x7E, 0x52, 0x0E, 0x76, 0x5E, 0x22, 0x55, 0x00} },   // 殿
    { 0x6BC5, {0x74, 0x5F, 0x0A, 0x7F, 0x56, 0x2D, 0x56, 0x00} },   // 毅
    { 0x6BCD, {0x3C, 0x2C, 0x24, 0x7F, 0x2A, 0x7E, 0x30, 0x00} },   // 母
    { 0x6BCE, {0x02, 0x7E, 0x2D, 0x7F, 0x2A, 0x7E, 0x30, 0x00} },   // 毎
    { 0x6BD2, {0x08, 0x3E, 0x08, 0x7F, 0x2A, 0x7F, 0x3E, 0x00} },   // 毒
    { 0x6BD4, {0x12, 0x12, 0x5E, 0x32, 0x12, 0x5E, 0x73, 0x00} },   // 比
    { 0x6BD8, {0x3E, 0x2A, 0x3E, 0x12, 0x76, 0x12, 0x77, 0x00} },   // 毘
    { 0x6BDB, {0x30, 0x0E, 0x78, 0x0F, 0x78, 0x0F, 0x78, 0x00} },   // 毛
    { 0x6C0F, {0x30, 0x0E, 0x0A, 0x7E, 0x12, 0x22, 0x47, 0x00} },   // 氏
    { 0x6C11, {0x3E, 0x22, 0x3E, 0x0A, 0x7E, 0x12, 0x67, 0x00} },   // 民
    { 0x6C17, {0x02, 0x7E, 0x1D, 0x3E, 0x2A, 0x24, 0x4B, 0x00} },   // 気
    { 0x6C34, {0x08, 0x48, 0x2F, 0x1C, 0x2A, 0x49, 0x0C, 0x00} },   // 水
    { 0x6C37, {0x0A, 0x48, 0x2F, 0x1C, 0x2A, 0x49, 0x0C, 0x00} },   // 氷
    { 0x6C38, {0x0C, 0x00, 0x4C, 0x2B, 0x1A, 0x29, 0x4C, 0x00} },   // 永
    { 0x6C3E, {0x3D, 0x24, 0x25, 0x34, 0x05, 0x45, 0x79, 0x00} },   // 氾
    { 0x6C40, {0x7D, 0x10, 0x11, 0x10, 0x11, 0x11, 0x19, 0x00} },   // 汀
    { 0x6C41, {0x11, 0x10, 0x7D, 0x10, 0x11, 0x11, 0x11, 0x00} },   // 汁
    { 0x6C42, {0x28, 0x7F, 0x08, 0x2A, 0x1C, 0x2B, 0x4C, 0x00} },   // 求
    { 0x6C4E, {0x3D, 0x24, 0x2D, 0x34, 0x25, 0x25, 0x63, 0x00} },   // 汎
    { 0x6C50, {0x11, 0x70, 0x49, 0x54, 0x21, 0x11, 0x0D, 0x00} },   // 汐
    { 0x6C57, {0x39, 0x10, 0x11, 0x7C, 0x11, 0x11, 0x11, 0x00} },   // 汗
    { 0x6C5A, {0x7D, 0x08, 0x7D, 0x08, 0x79, 0x41, 0x61, 0x00} },   // 汚
    { 0x6C5D, {0x11, 0x10, 0x7D, 0x28, 0x19, 0x31, 0x4D, 0x00} },   // 汝
    { 0x6C5F, {0x01, 0x7C, 0x11, 0x10, 0x11, 0x11, 0x7D, 0x00} },   // 江
    { 0x6C60, {0x21, 0x28, 0x79, 0x6C, 0x29, 0x49, 0x79, 0x00} },   // 池
    { 0x6C70, {0x11, 0x10, 0x7D, 0x10, 0x11, 0x29, 0x55, 0x00} },   // 汰
    { 0x6C72, {0x3D, 0x28, 0x69, 0x48, 0x55, 0x25, 0x5B, 0x00} },   // 汲
    { 0x6C7A, {0x11, 0x38, 0x31, 0x7C, 0x11, 0x11, 0x6D, 0x00} },   // 決
    { 0x6C7D, {0x05, 0x7C, 0x1B, 0x3C, 0x21, 0x21, 0x41, 0x00} },   // 汽
    { 0x6C83, {0x21, 0x18, 0x11, 0x7C, 0x11, 0x11, 0x6D, 0x00} },   // 沃
    { 0x6C88, {0x11, 0x7C, 0x55, 0x30, 0x31, 0x29, 0x65, 0x00} },   // 沈
    { 0x6C8C, {0x11, 0x7C, 0x11, 0x54, 0x7D, 0x11, 0x71, 0x00} },   // 沌
    { 0x6C93, {0x08, 0x2F, 0x1C, 0x6B, 0x3E, 0x22, 0x3E, 0x00} },   // 沓
    { 0x6C96, {0x11, 0x7C, 0x55, 0x54, 0x7D, 0x11, 0x11, 0x00} },   // 沖
    { 0x6C99, {0x11, 0x38, 0x59, 0x14, 0x51, 0x21, 0x19, 0x00} },   // 沙
    { 0x6CA1, {0x39, 0x28, 0x65, 0x38, 0x29, 0x11, 0x6D, 0x00} },   // 没
    { 0x6CA2, {0x7D, 0x44, 0x7D, 0x14, 0x15, 0x25, 0x43, 0x00} },   // 沢
    { 0x6CAB, {0x11, 0x7C, 0x11, 0x38, 0x11, 0x39, 0x55, 0x00} },   // 沫
    { 0x6CB3, {0x7D, 0x40, 0x5D, 0x54, 0x5D, 0x41, 0x61, 0x00} },   // 河
    { 0x6CB8, {0x29, 0x7C, 0x79, 0x2C, 0x7D, 0x69, 0x25, 0x00} },   // 沸
    { 0x6CB9, {0x11, 0x7C, 0x55, 0x7C, 0x55, 0x55, 0x7D, 0x00} },   // 油
    { 0x6CBB, {0x11, 0x10, 0x29, 0x5C, 0x01, 0x39, 0x39, 0x00} },   // 治
    { 0x6CBC, {0x7D, 0x50, 0x49, 0x64, 0x79, 0x49, 0x79, 0x00} },   // 沼
    { 0x6CBF, {0x29, 0x28, 0x29, 0x44, 0x39, 0x29, 0x39, 0x00} },   // 沿
    { 0x6CC1, {0x7D, 0x44, 0x45, 0x7C, 0x29, 0x29, 0x65, 0x00} },   // 況
    { 0x6CC9, {0x08, 0x3E, 0x22, 0x3E, 0x5B, 0x2A, 0x4D, 0x00} },   // 泉
    { 0x6CCA, {0x11, 0x7C, 0x45, 0x7C, 0x45, 0x45, 0x7D, 0x00} },   // 泊
    { 0x6CCC, {0x09, 0x50, 0x49, 0x2C, 0x5D, 0x09, 0x75, 0x00} },   // 泌
    { 0x6CD5, {0x11, 0x38, 0x11, 0x7C, 0x11, 0x29, 0x5D, 0x00} },   // 法
    { 0x6CE1, {0x09, 0x78, 0x5D, 0x50, 0x59, 0x09, 0x79, 0x00} },   // 泡
    { 0x6CE2, {0x11, 0x7C, 0x55, 0x3C, 0x2D, 0x15, 0x6B, 0x00} },   // 波
    { 0x6CE3, {0x11, 0x7C, 0x29, 0x28, 0x29, 0x19, 0x7D, 0x00} },   // 泣
    { 0x6CE5, {0x7D, 0x44, 0x7D, 0x14, 0x75, 0x15, 0x73, 0x00} },   // 泥
    { 0x6CE8, {0x09, 0x10, 0x7D, 0x10, 0x39, 0x11, 0x7D, 0x00} },   // 注
    { 0x6CF0, {0x08, 0x3E, 0x1C, 0x77, 0x2A, 0x1C, 0x6B, 0x00} },   // 泰
    { 0x6CF3, {0x19, 0x00, 0x19, 0x56, 0x35, 0x53, 0x19, 0x00} },   // 泳
    { 0x6D0B, {0x29, 0x7C, 0x11, 0x38, 0x11, 0x7D, 0x11, 0x00} },   // 洋
    { 0x6D17, {0x19, 0x78, 0x15, 0x7C, 0x29, 0x29, 0x65, 0x00} },   // 洗
    { 0x6D1B, {0x31, 0x28, 0x11, 0x28, 0x45, 0x39, 0x39, 0x00} },   // 洛
    { 0x6D1E, {0x7D, 0x44, 0x5D, 0x44, 0x5D, 0x5D, 0x65, 0x00} },   // 洞
    { 0x6D25, {0x11, 0x3C, 0x71, 0x3C, 0x11, 0x7D, 0x11, 0x00} },   // 津
    { 0x6D29, {0x11, 0x3C, 0x35, 0x3C, 0x51, 0x21, 0x5D, 0x00} },   // 洩
    { 0x6D2A, {0x29, 0x7C, 0x29, 0x28, 0x7D, 0x01, 0x45, 0x00} },   // 洪
    { 0x6D32, {0x55, 0x54, 0x7F, 0x7E, 0x55, 0x55, 0x53, 0x00} },   // 洲
    { 0x6D3B, {0x21, 0x18, 0x7D, 0x10, 0x39, 0x29, 0x39, 0x00} },   // 活
    { 0x6D3E, {0x21, 0x1C, 0x65, 0x1C, 0x6D, 0x2D, 0x4B, 0x00} },   // 派
    { 0x6D41, {0x11, 0x7C, 0x29, 0x5C, 0x19, 0x59, 0x55, 0x00} },   // 流
    { 0x6D44, {0x31, 0x2C, 0x79, 0x7E, 0x51, 0x7D, 0x19, 0x00} },   // 浄
    { 0x6D45, {0x51, 0x7C, 0x11, 0x3C, 0x51, 0x21, 0x5D, 0x00} },   // 浅
    { 0x6D5C, {0x21, 0x18, 0x79, 0x28, 0x7D, 0x01, 0x45, 0x00} },   // 浜
    { 0x6D66, {0x51, 0x7C, 0x11, 0x7C, 0x55, 0x7D, 0x55, 0x00} },   // 浦
    { 0x6D69, {0x19, 0x38, 0x15, 0x7C, 0x01, 0x39, 0x39, 0x00} },   // 浩
    { 0x6D6A, {0x11, 0x3C, 0x25, 0x3C, 0x3D, 0x15, 0x6D, 0x00} },   // 浪
    { 0x6D6C, {0x7D, 0x54, 0x7D, 0x54, 0x7D, 0x11, 0x7D, 0x00} },   // 浬
    { 0x6D6E, {0x71, 0x2C, 0x01, 0x38, 0x21, 0x7D, 0x11, 0x00} },   // 浮
    { 0x6D74, {0x29, 0x44, 0x11, 0x28, 0x45, 0x39, 0x39, 0x00} },   // 浴
    { 0x6D77, {0x05, 0x7C, 0x39, 0x7E, 0x2D, 0x7D, 0x31, 0x00} },   // 海
    { 0x6D78, {0x39, 0x20, 0x39, 0x7C, 0x6D, 0x11, 0x6D, 0x00} },   // 浸
    { 0x6D88, {0x55, 0x10, 0x7D, 0x44, 0x7D, 0x45, 0x65, 0x00} },   // 消
    { 0x6D8C, {0x7D, 0x20, 0x7D, 0x54, 0x7D, 0x55, 0x55, 0x00} },   // 涌
    { 0x6D99, {0x7D, 0x48, 0x79, 0x28, 0x79, 0x25, 0x59, 0x00} },   // 涙
    { 0x6D9B, {0x11, 0x38, 0x7D, 0x28, 0x7F, 0x25, 0x2B, 0x00} },   // 涛
    { 0x6D9C, {0x11, 0x7C, 0x11, 0x7C, 0x45, 0x29, 0x65, 0x00} },   // 涜
    { 0x6DAF, {0x7D, 0x24, 0x75, 0x24, 0x75, 0x25, 0x7B, 0x00} },   // 涯
    { 0x6DB2, {0x11, 0x7C, 0x09, 0x68, 0x5D, 0x29, 0x59, 0x00} },   // 液
    { 0x6DBC, {0x11, 0x7C, 0x29, 0x38, 0x11, 0x55, 0x19, 0x00} },   // 涼
    { 0x6DC0, {0x21, 0x7C, 0x75, 0x20, 0x69, 0x29, 0x75, 0x00} },   // 淀
    { 0x6DCB, {0x29, 0x7E, 0x29, 0x3C, 0x7D, 0x2B, 0x29, 0x00} },   // 淋
    { 0x6DD1, {0x75, 0x4C, 0x55, 0x5E, 0x25, 0x2F, 0x55, 0x00} },   // 淑
    { 0x6DD8, {0x09, 0x78, 0x55, 0x78, 0x51, 0x75, 0x7D, 0x00} },   // 淘
    { 0x6DE1, {0x55, 0x28, 0x45, 0x10, 0x55, 0x29, 0x45, 0x00} },   // 淡
    { 0x6DEB, {0x61, 0x1C, 0x55, 0x00, 0x7D, 0x11, 0x7D, 0x00} },   // 淫
    { 0x6DF1, {0x7D, 0x44, 0x29, 0x64, 0x7D, 0x39, 0x55, 0x00} },   // 深
    { 0x6DF3, {0x11, 0x7C, 0x29, 0x38, 0x21, 0x7D, 0x11, 0x00} },   // 淳
    { 0x6DF5, {0x55, 0x54, 0x7D, 0x44, 0x7D, 0x55, 0x53, 0x00} },   // 淵
    { 0x6DF7, {0x7D, 0x44, 0x7D, 0x24, 0x6D, 0x25, 0x6D, 0x00} },   // 混
    { 0x6DFB, {0x21, 0x18, 0x7D, 0x28, 0x45, 0x11, 0x55, 0x00} },   // 添
    { 0x6E05, {0x11, 0x38, 0x11, 0x7C, 0x29, 0x39, 0x29, 0x00} },   // 清
    { 0x6E07, {0x39, 0x28, 0x39, 0x78, 0x4D, 0x59, 0x61, 0x00} },   // 渇
    { 0x6E08, {0x11, 0x7C, 0x29, 0x10, 0x6D, 0x39, 0x25, 0x00} },   // 済
    { 0x6E09, {0x11, 0x34, 0x15, 0x7E, 0x55, 0x31, 0x1D, 0x00} },   // 渉
    { 0x6E0B, {0x21, 0x68, 0x29, 0x7C, 0x45, 0x29, 0x45, 0x00} },   // 渋
    { 0x6E13, {0x61, 0x1C, 0x55, 0x38, 0x7D, 0x11, 0x6D, 0x00} },   // 渓
    { 0x6E1A, {0x51, 0x38, 0x11, 0x7C, 0x09, 0x75, 0x71, 0x00} },   // 渚
    { 0x6E1B, {0x21, 0x7C, 0x25, 0x3C, 0x65, 0x3D, 0x5B, 0x00} },   // 減
    { 0x6E20, {0x7D, 0x3C, 0x25, 0x7C, 0x7F, 0x1C, 0x6B, 0x00} },   // 渠
    { 0x6E21, {0x11, 0x7C, 0x35, 0x7C, 0x55, 0x25, 0x5B, 0x00} },   // 渡
    { 0x6E25, {0x7D, 0x44, 0x7D, 0x2C, 0x5D, 0x13, 0x7D, 0x00} },   // 渥
    { 0x6E26, {0x39, 0x28, 0x29, 0x7C, 0x45, 0x5D, 0x5D, 0x00} },   // 渦
    { 0x6E29, {0x3D, 0x24, 0x3D, 0x00, 0x3D, 0x35, 0x7F, 0x00} },   // 温
    { 0x6E2C, {0x5D, 0x74, 0x7D, 0x74, 0x5D, 0x41, 0x55, 0x00} },   // 測
    { 0x6E2F, {0x29, 0x7C, 0x29, 0x7E, 0x55, 0x0B, 0x39, 0x00} },   // 港
    { 0x6E4A, {0x11, 0x7C, 0x39, 0x7E, 0x55, 0x13, 0x29, 0x00} },   // 湊
    { 0x6E56, {0x75, 0x5E, 0x75, 0x5E, 0x7B, 0x5F, 0x51, 0x00} },   // 湖
    { 0x6E58, {0x75, 0x5E, 0x75, 0x5E, 0x77, 0x55, 0x75, 0x00} },   // 湘
    { 0x6E5B, {0x29, 0x7C, 0x29, 0x28, 0x7D, 0x15, 0x7D, 0x00} },   // 湛
    { 0x6E67, {0x79, 0x20, 0x79, 0x58, 0x7D, 0x51, 0x6D, 0x00} },   // 湧
    { 0x6E6F, {0x39, 0x28, 0x7D, 0x08, 0x79, 0x55, 0x69, 0x00} },   // 湯
    { 0x6E7E, {0x11, 0x7C, 0x29, 0x6C, 0x39, 0x79, 0x41, 0x00} },   // 湾
    { 0x6E7F, {0x7D, 0x44, 0x7D, 0x28, 0x6D, 0x29, 0x7D, 0x00} },   // 湿
    { 0x6E80, {0x29, 0x7C, 0x29, 0x7E, 0x55, 0x7D, 0x45, 0x00} },   // 満
    { 0x6E8C, {0x5D, 0x28, 0x45, 0x38, 0x7D, 0x29, 0x65, 0x00} },   // 溌
    { 0x6E90, {0x7D, 0x24, 0x75, 0x74, 0x25, 0x6D, 0x33, 0x00} },   // 源
    { 0x6E96, {0x29, 0x78, 0x2D, 0x78, 0x09, 0x7F, 0x08, 0x00} },   // 準
    { 0x6E9C, {0x71, 0x6C, 0x65, 0x5C, 0x39, 0x39, 0x39, 0x00} },   // 溜
    { 0x6E9D, {0x29, 0x7C, 0x29, 0x7C, 0x39, 0x7D, 0x29, 0x00} },   // 溝
    { 0x6EA2, {0x29, 0x7C, 0x29, 0x44, 0x39, 0x39, 0x7D, 0x00} },   // 溢
    { 0x6EB6, {0x11, 0x7C, 0x6D, 0x10, 0x29, 0x75, 0x31, 0x00} },   // 溶
    { 0x6EBA, {0x6D, 0x48, 0x6D, 0x24, 0x6D, 0x5B, 0x6D, 0x00} },   // 溺
    { 0x6EC5, {0x21, 0x7E, 0x3F, 0x2A, 0x7F, 0x2B, 0x55, 0x00} },   // 滅
    { 0x6ECB, {0x29, 0x7C, 0x49, 0x24, 0x49, 0x25, 0x6D, 0x00} },   // 滋
    { 0x6ED1, {0x39, 0x28, 0x7D, 0x44, 0x39, 0x39, 0x29, 0x00} },   // 滑
    { 0x6EDD, {0x11, 0x7C, 0x29, 0x7C, 0x39, 0x39, 0x61, 0x00} },   // 滝
    { 0x6EDE, {0x29, 0x7C, 0x29, 0x7C, 0x55, 0x39, 0x29, 0x00} },   // 滞
    { 0x6EF4, {0x11, 0x7C, 0x29, 0x7C, 0x55, 0x6D, 0x7D, 0x00} },   // 滴
    { 0x6F01, {0x31, 0x2C, 0x79, 0x58, 0x79, 0x01, 0x55, 0x00} },   // 漁
    { 0x6F02, {0x7D, 0x38, 0x39, 0x00, 0x7D, 0x11, 0x55, 0x00} },   // 漂
    { 0x6F06, {0x11, 0x7C, 0x39, 0x54, 0x39, 0x35, 0x5B, 0x00} },   // 漆
    { 0x6F09, {0x11, 0x7C, 0x35, 0x3C, 0x05, 0x2D, 0x7B, 0x00} },   // 漉
    { 0x6F0F, {0x7D, 0x7C, 0x05, 0x7C, 0x15, 0x7B, 0x59, 0x00} },   // 漏
    { 0x6F14, {0x11, 0x7C, 0x45, 0x38, 0x55, 0x39, 0x45, 0x00} },   // 演
    { 0x6F15, {0x29, 0x7C, 0x29, 0x7C, 0x7D, 0x29, 0x39, 0x00} },   // 漕
    { 0x6F20, {0x29, 0x7C, 0x39, 0x28, 0x7D, 0x11, 0x6D, 0x00} },   // 漠
    { 0x6F22, {0x29, 0x7E, 0x55, 0x7C, 0x7F, 0x11, 0x6D, 0x00} },   // 漢
    { 0x6F23, {0x25, 0x78, 0x31, 0x34, 0x7D, 0x25, 0x7D, 0x00} },   // 漣
    { 0x6F2B, {0x39, 0x28, 0x7D, 0x7C, 0x29, 0x11, 0x6D, 0x00} },   // 漫
    { 0x6F2C, {0x11, 0x38, 0x11, 0x7C, 0x39, 0x39, 0x45, 0x00} },   // 漬
    { 0x6F38, {0x4D, 0x38, 0x1D, 0x7C, 0x59, 0x5D, 0x49, 0x00} },   // 漸
    { 0x6F45, {0x09, 0x78, 0x15, 0x78, 0x2D, 0x29, 0x79, 0x00} },   // 潅
    { 0x6F54, {0x69, 0x7C, 0x69, 0x5C, 0x7D, 0x11, 0x55, 0x00} },   // 潔
    { 0x6F5C, {0x29, 0x7C, 0x29, 0x54, 0x39, 0x29, 0x39, 0x00} },   // 潜
    { 0x6F5F, {0x29, 0x24, 0x3D, 0x08, 0x7D, 0x43, 0x55, 0x00} },   // 潟
    { 0x6F64, {0x6F, 0x6E, 0x7B, 0x52, 0x7B, 0x53, 0x7B, 0x00} },   // 潤
    { 0x6F6E, {0x7D, 0x58, 0x7D, 0x5C, 0x79, 0x5D, 0x49, 0x00} },   // 潮
    { 0x6F70, {0x11, 0x7C, 0x55, 0x7E, 0x39, 0x39, 0x45, 0x00} },   // 潰
    { 0x6F84, {0x5D, 0x28, 0x45, 0x38, 0x2A, 0x11, 0x7D, 0x00} },   // 澄
    { 0x6F97, {0x6D, 0x6C, 0x45, 0x74, 0x75, 0x75, 0x45, 0x00} },   // 澗
    { 0x6FB1, {0x7D, 0x54, 0x1D, 0x6C, 0x5D, 0x23, 0x55, 0x00} },   // 澱
    { 0x6FC0, {0x29, 0x6C, 0x5D, 0x5E, 0x59, 0x35, 0x5B, 0x00} },   // 激
    { 0x6FC1, {0x7D, 0x54, 0x79, 0x44, 0x59, 0x79, 0x5D, 0x00} },   // 濁
    { 0x6FC3, {0x29, 0x7C, 0x7D, 0x00, 0x7D, 0x2D, 0x5B, 0x00} },   // 濃
    { 0x6FE0, {0x11, 0x7C, 0x29, 0x7E, 0x5B, 0x35, 0x59, 0x00} },   // 濠
    { 0x6FE1, {0x39, 0x7C, 0x55, 0x38, 0x11, 0x7D, 0x55, 0x00} },   // 濡
    { 0x6FEB, {0x2D, 0x64, 0x05, 0x6C, 0x01, 0x39, 0x7D, 0x00} },   // 濫
    { 0x6FEF, {0x6D, 0x48, 0x6D, 0x28, 0x79, 0x2D, 0x79, 0x00} },   // 濯
    { 0x7015, {0x75, 0x2C, 0x75, 0x5E, 0x75, 0x09, 0x57, 0x00} },   // 瀕
    { 0x701E, {0x65, 0x5E, 0x25, 0x7E, 0x6B, 0x7F, 0x2B, 0x00} },   // 瀞
    { 0x7026, {0x2D, 0x78, 0x2D, 0x7A, 0x1D, 0x6B, 0x65, 0x00} },   // 瀦
    { 0x7027, {0x69, 0x3E, 0x75, 0x5E, 0x75, 0x3D, 0x75, 0x00} },   // 瀧
    { 0x702C, {0x75, 0x2E, 0x7F, 0x5E, 0x75, 0x0F, 0x55, 0x00} },   // 瀬
    { 0x7058, {0x5B, 0x3E, 0x75, 0x3E, 0x7F, 0x35, 0x7B, 0x00} },   // 灘
    { 0x706B, {0x08, 0x08, 0x2A, 0x1A, 0x08, 0x14, 0x63, 0x00} },   // 火
    { 0x706F, {0x7A, 0x22, 0x27, 0x23, 0x22, 0x26, 0x31, 0x00} },   // 灯
    { 0x7070, {0x7E, 0x12, 0x56, 0x36, 0x12, 0x2A, 0x45, 0x00} },   // 灰
    { 0x7078, {0x3C, 0x22, 0x18, 0x67, 0x2A, 0x14, 0x63, 0x00} },   // 灸
    { 0x707C, {0x0A, 0x7A, 0x47, 0x4B, 0x52, 0x46, 0x61, 0x00} },   // 灼
    { 0x707D, {0x52, 0x29, 0x52, 0x08, 0x2A, 0x14, 0x63, 0x00} },   // 災
    { 0x7089, {0x7A, 0x02, 0x7B, 0x4B, 0x7A, 0x0A, 0x05, 0x00} },   // 炉
    { 0x708A, {0x0A, 0x7A, 0x57, 0x13, 0x12, 0x2A, 0x45, 0x00} },   // 炊
    { 0x708E, {0x08, 0x2A, 0x14, 0x63, 0x2A, 0x14, 0x63, 0x00} },   // 炎
    { 0x70AD, {0x49, 0x7F, 0x12, 0x56, 0x36, 0x12, 0x6D, 0x00} },   // 炭
    { 0x70B9, {0x08, 0x38, 0x08, 0x3E, 0x3E, 0x00, 0x55, 0x00} },   // 点
    { 0x70BA, {0x14, 0x1E, 0x38, 0x24, 0x7E, 0x41, 0x6A, 0x00} },   // 為
    { 0x70C8, {0x4F, 0x52, 0x56, 0x45, 0x62, 0x00, 0x55, 0x00} },   // 烈
    { 0x70CF, {0x08, 0x3E, 0x22, 0x3E, 0x7E, 0x40, 0x55, 0x00} },   // 烏
    { 0x70F9, {0x08, 0x7F, 0x22, 0x3E, 0x10, 0x00, 0x55, 0x00} },   // 烹
    { 0x7114, {0x72, 0x4A, 0x27, 0x6B, 0x6A, 0x6E, 0x69, 0x00} },   // 焔
    { 0x711A, {0x24, 0x7F, 0x36, 0x6D, 0x2A, 0x14, 0x63, 0x00} },   // 焚
    { 0x7121, {0x01, 0x7F, 0x2A, 0x7F, 0x2A, 0x7F, 0x55, 0x00} },   // 無
    { 0x7126, {0x14, 0x7C, 0x3E, 0x15, 0x7C, 0x00, 0x55, 0x00} },   // 焦
    { 0x7136, {0x2E, 0x7A, 0x2D, 0x24, 0x53, 0x00, 0x55, 0x00} },   // 然
    { 0x713C, {0x12, 0x3A, 0x7F, 0x2B, 0x7E, 0x2A, 0x65, 0x00} },   // 焼
    { 0x7149, {0x12, 0x7E, 0x3B, 0x3B, 0x12, 0x3A, 0x55, 0x00} },   // 煉
    { 0x714E, {0x24, 0x7F, 0x2A, 0x2E, 0x2A, 0x00, 0x55, 0x00} },   // 煎
    { 0x7159, {0x7A, 0x32, 0x7F, 0x7B, 0x7A, 0x26, 0x79, 0x00} },   // 煙
    { 0x7164, {0x2A, 0x7E, 0x2B, 0x3B, 0x7E, 0x3A, 0x55, 0x00} },   // 煤
    { 0x7167, {0x7F, 0x55, 0x4F, 0x75, 0x77, 0x00, 0x55, 0x00} },   // 照
    { 0x7169, {0x7A, 0x12, 0x7F, 0x4B, 0x7A, 0x06, 0x49, 0x00} },   // 煩
    { 0x716E, {0x28, 0x3E, 0x18, 0x7F, 0x3A, 0x00, 0x55, 0x00} },   // 煮
    { 0x717D, {0x7E, 0x3A, 0x0B, 0x7B, 0x5A, 0x6A, 0x55, 0x00} },   // 煽
    { 0x718A, {0x2A, 0x6F, 0x0A, 0x2E, 0x6A, 0x00, 0x55, 0x00} },   // 熊
    { 0x7194, {0x12, 0x7E, 0x6F, 0x13, 0x2A, 0x76, 0x31, 0x00} },   // 熔
    { 0x719F, {0x14, 0x3F, 0x3A, 0x3E, 0x75, 0x00, 0x55, 0x00} },   // 熟
    { 0x71B1, {0x14, 0x36, 0x2F, 0x36, 0x6D, 0x00, 0x55, 0x00} },   // 熱
    { 0x71C3, {0x2A, 0x7A, 0x37, 0x2B, 0x56, 0x02, 0x55, 0x00} },   // 燃
    { 0x71C8, {0x5E, 0x2A, 0x47, 0x3B, 0x2A, 0x12, 0x7D, 0x00} },   // 燈
    { 0x71D0, {0x56, 0x3A, 0x57, 0x03, 0x2E, 0x7A, 0x25, 0x00} },   // 燐
    { 0x71D5, {0x14, 0x7F, 0x7B, 0x2A, 0x7B, 0x00, 0x55, 0x00} },   // 燕
    { 0x71E5, {0x3A, 0x2A, 0x7F, 0x57, 0x7E, 0x3A, 0x55, 0x00} },   // 燥
    { 0x71E6, {0x1A, 0x6A, 0x57, 0x2B, 0x56, 0x3A, 0x55, 0x00} },   // 燦
    { 0x71ED, {0x7E, 0x56, 0x7B, 0x47, 0x5A, 0x7A, 0x5D, 0x00} },   // 燭
    { 0x7206, {0x7E, 0x7E, 0x2B, 0x7F, 0x56, 0x3A, 0x55, 0x00} },   // 爆
    { 0x722A, {0x30, 0x0E, 0x2A, 0x2A, 0x2A, 0x2A, 0x49, 0x00} },   // 爪
    { 0x7235, {0x7F, 0x2A, 0x7E, 0x7E, 0x66, 0x4A, 0x6F, 0x00} },   // 爵
    { 0x7236, {0x14, 0x63, 0x14, 0x14, 0x08, 0x14, 0x63, 0x00} },   // 父
    { 0x723A, {0x14, 0x63, 0x1C, 0x63, 0x2E, 0x6F, 0x28, 0x00} },   // 爺
    { 0x723D, {0x08, 0x7F, 0x2A, 0x1C, 0x2A, 0x14, 0x63, 0x00} },   // 爽
    { 0x723E, {0x7F, 0x2A, 0x7F, 0x6D, 0x5B, 0x6D, 0x5B, 0x00} },   // 爾
    { 0x7247, {0x12, 0x12, 0x7E, 0x02, 0x3E, 0x22, 0x21, 0x00} },   // 片
    { 0x7248, {0x75, 0x15, 0x77, 0x51, 0x57, 0x2D, 0x55, 0x00} },   // 版
    { 0x724C, {0x15, 0x7D, 0x5F, 0x79, 0x37, 0x7D, 0x25, 0x00} },   // 牌
    { 0x7252, {0x55, 0x7D, 0x6F, 0x09, 0x7F, 0x3D, 0x55, 0x00} },   // 牒
    { 0x7259, {0x3E, 0x12, 0x12, 0x7F, 0x14, 0x13, 0x18, 0x00} },   // 牙
    { 0x725B, {0x0A, 0x3E, 0x09, 0x08, 0x7F, 0x08, 0x08, 0x00} },   // 牛
    { 0x725D, {0x16, 0x1E, 0x55, 0x3C, 0x17, 0x54, 0x74, 0x00} },   // 牝
    { 0x725F, {0x08, 0x24, 0x5F, 0x3C, 0x0A, 0x7F, 0x08, 0x00} },   // 牟
    { 0x7261, {0x26, 0x2E, 0x75, 0x2C, 0x27, 0x24, 0x74, 0x00} },   // 牡
    { 0x7262, {0x08, 0x7F, 0x4B, 0x3E, 0x09, 0x7F, 0x08, 0x00} },   // 牢
    { 0x7267, {0x0B, 0x7B, 0x2F, 0x2A, 0x2B, 0x12, 0x6E, 0x00} },   // 牧
    { 0x7269, {0x0B, 0x7B, 0x77, 0x72, 0x6B, 0x56, 0x6A, 0x00} },   // 物
    { 0x7272, {0x1B, 0x7B, 0x17, 0x12, 0x3B, 0x12, 0x7E, 0x00} },   // 牲
    { 0x7279, {0x13, 0x3B, 0x13, 0x7E, 0x23, 0x7E, 0x2A, 0x00} },   // 特
    { 0x727D, {0x08, 0x7F, 0x26, 0x7F, 0x5D, 0x3E, 0x08, 0x00} },   // 牽
    { 0x7280, {0x7E, 0x7E, 0x22, 0x6E, 0x3A, 0x7E, 0x21, 0x00} },   // 犀
    { 0x72A0, {0x2B, 0x7F, 0x13, 0x7E, 0x6B, 0x3E, 0x4A, 0x00} },   // 犠
    { 0x72AC, {0x28, 0x08, 0x7F, 0x08, 0x08, 0x14, 0x63, 0x00} },   // 犬
    { 0x72AF, {0x7D, 0x4A, 0x4D, 0x6E, 0x0D, 0x4C, 0x7B, 0x00} },   // 犯
    { 0x72B6, {0x52, 0x12, 0x7F, 0x12, 0x13, 0x2A, 0x46, 0x00} },   // 状
    { 0x72C2, {0x75, 0x22, 0x25, 0x76, 0x25, 0x24, 0x7B, 0x00} },   // 狂
    { 0x72D0, {0x45, 0x3A, 0x2B, 0x2A, 0x2B, 0x6A, 0x55, 0x00} },   // 狐
    { 0x72D7, {0x15, 0x72, 0x4D, 0x76, 0x75, 0x44, 0x63, 0x00} },   // 狗
    { 0x72D9, {0x3D, 0x2A, 0x3B, 0x2A, 0x3B, 0x2A, 0x7D, 0x00} },   // 狙
    { 0x72DB, {0x15, 0x7A, 0x4B, 0x7A, 0x4B, 0x4A, 0x79, 0x00} },   // 狛
    { 0x72E9, {0x15, 0x7A, 0x4B, 0x22, 0x7F, 0x2A, 0x31, 0x00} },   // 狩
    { 0x72EC, {0x15, 0x7A, 0x5D, 0x7E, 0x15, 0x54, 0x7B, 0x00} },   // 独
    { 0x72ED, {0x15, 0x7E, 0x13, 0x56, 0x7F, 0x12, 0x6D, 0x00} },   // 狭
    { 0x72F8, {0x7D, 0x56, 0x7F, 0x56, 0x7F, 0x12, 0x7D, 0x00} },   // 狸
    { 0x72FC, {0x25, 0x7A, 0x4B, 0x7A, 0x7B, 0x2A, 0x59, 0x00} },   // 狼
    { 0x72FD, {0x7D, 0x4A, 0x7D, 0x4E, 0x7D, 0x04, 0x4B, 0x00} },   // 狽
    { 0x731B, {0x35, 0x22, 0x7F, 0x12, 0x3B, 0x3A, 0x7D, 0x00} },   // 猛
    { 0x731F, {0x55, 0x22, 0x7D, 0x56, 0x7D, 0x54, 0x53, 0x00} },   // 猟
    { 0x732A, {0x55, 0x3A, 0x13, 0x7E, 0x0B, 0x76, 0x71, 0x00} },   // 猪
    { 0x732B, {0x29, 0x7E, 0x2B, 0x7E, 0x7F, 0x56, 0x7D, 0x00} },   // 猫
    { 0x732E, {0x64, 0x2F, 0x74, 0x2F, 0x2B, 0x2F, 0x5D, 0x00} },   // 献
    { 0x7336, {0x29, 0x7E, 0x2B, 0x7E, 0x6F, 0x46, 0x7D, 0x00} },   // 猶
    { 0x7337, {0x6A, 0x2F, 0x76, 0x2F, 0x2B, 0x29, 0x5F, 0x00} },   // 猷
    { 0x733F, {0x15, 0x3A, 0x7D, 0x4E, 0x7D, 0x2C, 0x5B, 0x00} },   // 猿
    { 0x7344, {0x6D, 0x3A, 0x65, 0x3E, 0x25, 0x3C, 0x5B, 0x00} },   // 獄
    { 0x7345, {0x75, 0x2E, 0x7D, 0x76, 0x7D, 0x2C, 0x23, 0x00} },   // 獅
    { 0x7363, {0x6B, 0x2E, 0x7E, 0x20, 0x2F, 0x2A, 0x5E, 0x00} },   // 獣
    { 0x7372, {0x29, 0x7E, 0x3B, 0x7A, 0x2B, 0x12, 0x6D, 0x00} },   // 獲
    { 0x7384, {0x08, 0x7F, 0x04, 0x16, 0x08, 0x24, 0x5F, 0x00} },   // 玄
    { 0x7387, {0x08, 0x7F, 0x2A, 0x04, 0x2A, 0x7F, 0x08, 0x00} },   // 率
    { 0x7389, {0x7F, 0x08, 0x08, 0x3E, 0x08, 0x28, 0x7F, 0x00} },   // 玉
    { 0x738B, {0x7F, 0x08, 0x08, 0x3E, 0x08, 0x08, 0x7F, 0x00} },   // 王
    { 0x7396, {0x17, 0x72, 0x4A, 0x27, 0x22, 0x57, 0x48, 0x00} },   // 玖
    { 0x73A9, {0x3B, 0x02, 0x7E, 0x2B, 0x2A, 0x2B, 0x64, 0x00} },   // 玩
    { 0x73B2, {0x17, 0x2A, 0x76, 0x03, 0x7E, 0x53, 0x10, 0x00} },   // 玲
    { 0x73C2, {0x7F, 0x42, 0x7A, 0x6F, 0x7A, 0x47, 0x60, 0x00} },   // 珂
    { 0x73CA, {0x7B, 0x5A, 0x5A, 0x7F, 0x5A, 0x5B, 0x48, 0x00} },   // 珊
    { 0x73CD, {0x17, 0x2A, 0x56, 0x23, 0x56, 0x23, 0x18, 0x00} },   // 珍
    { 0x73E0, {0x1B, 0x3A, 0x16, 0x7F, 0x12, 0x3B, 0x54, 0x00} },   // 珠
    { 0x73EA, {0x17, 0x3A, 0x12, 0x7F, 0x3A, 0x13, 0x7C, 0x00} },   // 珪
    { 0x73ED, {0x67, 0x32, 0x36, 0x77, 0x32, 0x2B, 0x74, 0x00} },   // 班
    { 0x73FE, {0x7F, 0x4A, 0x7A, 0x4F, 0x7A, 0x37, 0x68, 0x00} },   // 現
    { 0x7403, {0x53, 0x7E, 0x12, 0x57, 0x3A, 0x57, 0x18, 0x00} },   // 球
    { 0x7406, {0x7F, 0x56, 0x7E, 0x57, 0x7E, 0x13, 0x7C, 0x00} },   // 理
    { 0x7409, {0x13, 0x7E, 0x2A, 0x5F, 0x1A, 0x5B, 0x54, 0x00} },   // 琉
    { 0x7422, {0x7F, 0x0A, 0x5A, 0x37, 0x3A, 0x57, 0x18, 0x00} },   // 琢
    { 0x7433, {0x2B, 0x7E, 0x2A, 0x3F, 0x7E, 0x2B, 0x28, 0x00} },   // 琳
    { 0x7434, {0x77, 0x22, 0x77, 0x1C, 0x63, 0x1C, 0x10, 0x00} },   // 琴
    { 0x7435, {0x77, 0x22, 0x77, 0x12, 0x76, 0x12, 0x77, 0x00} },   // 琵
    { 0x7436, {0x77, 0x22, 0x7F, 0x2A, 0x3E, 0x42, 0x7C, 0x00} },   // 琶
    { 0x745A, {0x6B, 0x7E, 0x6A, 0x7F, 0x76, 0x7F, 0x50, 0x00} },   // 瑚
    { 0x745B, {0x2B, 0x7E, 0x2A, 0x57, 0x7E, 0x13, 0x6C, 0x00} },   // 瑛
    { 0x745E, {0x57, 0x7E, 0x02, 0x7F, 0x0A, 0x7F, 0x54, 0x00} },   // 瑞
    { 0x7460, {0x73, 0x6E, 0x66, 0x5F, 0x3A, 0x3B, 0x38, 0x00} },   // 瑠
    { 0x7473, {0x2B, 0x7E, 0x12, 0x7F, 0x7A, 0x2B, 0x74, 0x00} },   // 瑳
    { 0x7483, {0x13, 0x7E, 0x2A, 0x3B, 0x7E, 0x77, 0x5C, 0x00} },   // 璃
    { 0x74B0, {0x7F, 0x56, 0x7E, 0x3B, 0x2A, 0x3B, 0x54, 0x00} },   // 環
    { 0x74BD, {0x7F, 0x2A, 0x7F, 0x6D, 0x5B, 0x3E, 0x7F, 0x00} },   // 璽
    { 0x74DC, {0x30, 0x0E, 0x2A, 0x2A, 0x2A, 0x2A, 0x5D, 0x00} },   // 瓜
    { 0x74E2, {0x4F, 0x3E, 0x2E, 0x28, 0x2F, 0x6C, 0x55, 0x00} },   // 瓢
    { 0x74E6, {0x7F, 0x04, 0x1C, 0x14, 0x1A, 0x52, 0x77, 0x00} },   // 瓦
    { 0x74F6, {0x7D, 0x0A, 0x3F, 0x2E, 0x3F, 0x2E, 0x5D, 0x00} },   // 瓶
    { 0x7511, {0x7D, 0x08, 0x3F, 0x2F, 0x38, 0x2B, 0x5F, 0x00} },   // 甑
    { 0x7518, {0x22, 0x7F, 0x22, 0x3E, 0x22, 0x22, 0x3E, 0x00} },   // 甘
    { 0x751A, {0x14, 0x7F, 0x14, 0x1C, 0x7F, 0x2A, 0x7E, 0x00} },   // 甚
    { 0x751C, {0x54, 0x7B, 0x57, 0x72, 0x57, 0x55, 0x77, 0x00} },   // 甜
    { 0x751F, {0x0A, 0x7E, 0x09, 0x08, 0x3E, 0x08, 0x7F, 0x00} },   // 生
    { 0x7523, {0x08, 0x7F, 0x24, 0x7E, 0x3A, 0x12, 0x7D, 0x00} },   // 産
    { 0x7525, {0x7B, 0x6F, 0x7A, 0x6F, 0x7A, 0x57, 0x68, 0x00} },   // 甥
    { 0x7528, {0x7E, 0x4A, 0x7E, 0x4A, 0x7E, 0x4A, 0x69, 0x00} },   // 用
    { 0x752B, {0x28, 0x7F, 0x08, 0x3E, 0x2A, 0x3E, 0x2A, 0x00} },   // 甫
    { 0x7530, {0x7F, 0x49, 0x49, 0x7F, 0x49, 0x49, 0x7F, 0x00} },   // 田
    { 0x7531, {0x08, 0x7F, 0x49, 0x7F, 0x49, 0x49, 0x7F, 0x00} },   // 由
    { 0x7532, {0x7F, 0x49, 0x7F, 0x49, 0x7F, 0x08, 0x08, 0x00} },   // 甲
    { 0x7533, {0x08, 0x7F, 0x49, 0x7F, 0x49, 0x7F, 0x08, 0x00} },   // 申
    { 0x7537, {0x3E, 0x2A, 0x3E, 0x2A, 0x7F, 0x44, 0x63, 0x00} },   // 男
    { 0x753A, {0x0F, 0x7D, 0x2F, 0x2D, 0x2D, 0x2F, 0x30, 0x00} },   // 町
    { 0x753B, {0x7F, 0x08, 0x5D, 0x5D, 0x5D, 0x41, 0x7F, 0x00} },   // 画
    { 0x754C, {0x3E, 0x2A, 0x3E, 0x2A, 0x3E, 0x55, 0x12, 0x00} },   // 界
    { 0x754F, {0x3E, 0x2A, 0x3E, 0x2A, 0x7F, 0x12, 0x67, 0x00} },   // 畏
    { 0x7551, {0x7A, 0x6A, 0x6F, 0x7B, 0x6A, 0x6E, 0x79, 0x00} },   // 畑
    { 0x7554, {0x20, 0x6F, 0x27, 0x7F, 0x27, 0x7F, 0x20, 0x00} },   // 畔
    { 0x7559, {0x74, 0x63, 0x69, 0x57, 0x3E, 0x2A, 0x3E, 0x00} },   // 留
    { 0x755C, {0x08, 0x7F, 0x06, 0x48, 0x7F, 0x2A, 0x3E, 0x00} },   // 畜
    { 0x755D, {0x12, 0x77, 0x48, 0x27, 0x27, 0x57, 0x4F, 0x00} },   // 畝
    { 0x7560, {0x08, 0x3E, 0x22, 0x3E, 0x7F, 0x49, 0x7F, 0x00} },   // 畠
    { 0x7562, {0x3E, 0x2A, 0x3E, 0x7F, 0x2A, 0x7F, 0x08, 0x00} },   // 畢
    { 0x7565, {0x60, 0x57, 0x27, 0x57, 0x0F, 0x77, 0x70, 0x00} },   // 略
    { 0x7566, {0x20, 0x77, 0x27, 0x7F, 0x77, 0x27, 0x78, 0x00} },   // 畦
    { 0x756A, {0x7F, 0x2A, 0x7F, 0x1C, 0x6B, 0x3E, 0x3E, 0x00} },   // 番
    { 0x7570, {0x3E, 0x2A, 0x3E, 0x14, 0x7F, 0x00, 0x63, 0x00} },   // 異
    { 0x7573, {0x3E, 0x2A, 0x3E, 0x7F, 0x5D, 0x14, 0x7F, 0x00} },   // 畳
    { 0x7577, {0x7C, 0x2B, 0x57, 0x7F, 0x57, 0x2B, 0x54, 0x00} },   // 畷
    { 0x757F, {0x2A, 0x19, 0x2A, 0x3F, 0x50, 0x27, 0x57, 0x00} },   // 畿
    { 0x758B, {0x7F, 0x48, 0x08, 0x3A, 0x0A, 0x0A, 0x7D, 0x00} },   // 疋
    { 0x758E, {0x17, 0x7C, 0x5A, 0x7E, 0x13, 0x3B, 0x57, 0x00} },   // 疎
    { 0x758F, {0x17, 0x7C, 0x2A, 0x5E, 0x1B, 0x5B, 0x57, 0x00} },   // 疏
    { 0x7591, {0x79, 0x27, 0x79, 0x56, 0x37, 0x1A, 0x6D, 0x00} },   // 疑
    { 0x75AB, {0x10, 0x7E, 0x3B, 0x2A, 0x77, 0x32, 0x6D, 0x00} },   // 疫
    { 0x75B2, {0x10, 0x7E, 0x23, 0x7A, 0x5B, 0x2A, 0x55, 0x00} },   // 疲
    { 0x75B9, {0x10, 0x7E, 0x13, 0x2A, 0x57, 0x22, 0x19, 0x00} },   // 疹
    { 0x75BE, {0x10, 0x7E, 0x0B, 0x3A, 0x7F, 0x12, 0x6D, 0x00} },   // 疾
    { 0x75C5, {0x10, 0x7E, 0x3B, 0x7E, 0x57, 0x6E, 0x45, 0x00} },   // 病
    { 0x75C7, {0x10, 0x7E, 0x7B, 0x22, 0x6B, 0x2A, 0x7D, 0x00} },   // 症
    { 0x75D4, {0x10, 0x7E, 0x3B, 0x12, 0x7F, 0x2A, 0x31, 0x00} },   // 痔
    { 0x75D5, {0x10, 0x7E, 0x3B, 0x2A, 0x3B, 0x2A, 0x59, 0x00} },   // 痕
    { 0x75D8, {0x10, 0x7E, 0x03, 0x7A, 0x4B, 0x32, 0x79, 0x00} },   // 痘
    { 0x75DB, {0x10, 0x7E, 0x23, 0x7E, 0x57, 0x7E, 0x55, 0x00} },   // 痛
    { 0x75E2, {0x10, 0x7E, 0x13, 0x6E, 0x6B, 0x5E, 0x69, 0x00} },   // 痢
    { 0x75E9, {0x10, 0x7E, 0x3B, 0x7E, 0x2B, 0x12, 0x6D, 0x00} },   // 痩
    { 0x75F4, {0x10, 0x7E, 0x0B, 0x7A, 0x6F, 0x6A, 0x15, 0x00} },   // 痴
    { 0x7642, {0x10, 0x7E, 0x2B, 0x7E, 0x2B, 0x12, 0x55, 0x00} },   // 療
    { 0x764C, {0x10, 0x7E, 0x3B, 0x6E, 0x6F, 0x56, 0x7D, 0x00} },   // 癌
    { 0x7652, {0x10, 0x7E, 0x13, 0x6E, 0x2F, 0x4A, 0x75, 0x00} },   // 癒
    { 0x7656, {0x10, 0x7E, 0x2F, 0x7E, 0x57, 0x7E, 0x2D, 0x00} },   // 癖
    { 0x767A, {0x2E, 0x55, 0x22, 0x5D, 0x3E, 0x14, 0x73, 0x00} },   // 発
    { 0x767B, {0x2E, 0x55, 0x22, 0x5D, 0x14, 0x08, 0x7F, 0x00} },   // 登
    { 0x767D, {0x08, 0x7E, 0x42, 0x7E, 0x42, 0x42, 0x7E, 0x00} },   // 白
    { 0x767E, {0x7F, 0x08, 0x3E, 0x22, 0x3E, 0x22, 0x3E, 0x00} },   // 百
    { 0x7684, {0x12, 0x77, 0x4D, 0x57, 0x65, 0x47, 0x60, 0x00} },   // 的
    { 0x7686, {0x12, 0x76, 0x12, 0x77, 0x08, 0x3E, 0x3E, 0x00} },   // 皆
    { 0x7687, {0x08, 0x3E, 0x22, 0x3E, 0x7F, 0x08, 0x7F, 0x00} },   // 皇
    { 0x7690, {0x08, 0x3E, 0x3E, 0x6B, 0x08, 0x7F, 0x08, 0x00} },   // 皐
    { 0x76AE, {0x10, 0x7E, 0x52, 0x3E, 0x2A, 0x12, 0x6D, 0x00} },   // 皮
    { 0x76BF, {0x00, 0x3E, 0x2A, 0x2A, 0x2A, 0x2A, 0x7F, 0x00} },   // 皿
    { 0x76C3, {0x7F, 0x08, 0x2C, 0x4B, 0x3E, 0x2A, 0x7F, 0x00} },   // 盃
    { 0x76C6, {0x14, 0x22, 0x5F, 0x14, 0x3E, 0x2A, 0x7F, 0x00} },   // 盆
    { 0x76C8, {0x1F, 0x74, 0x4A, 0x55, 0x3E, 0x2A, 0x7F, 0x00} },   // 盈
    { 0x76CA, {0x24, 0x7F, 0x22, 0x41, 0x3E, 0x2A, 0x7F, 0x00} },   // 益
    { 0x76D7, {0x09, 0x78, 0x54, 0x29, 0x3E, 0x2A, 0x7F, 0x00} },   // 盗
    { 0x76DB, {0x20, 0x7E, 0x26, 0x55, 0x3E, 0x2A, 0x7F, 0x00} },   // 盛
    { 0x76DF, {0x77, 0x55, 0x77, 0x48, 0x3E, 0x2A, 0x7F, 0x00} },   // 盟
    { 0x76E3, {0x17, 0x73, 0x0B, 0x67, 0x3E, 0x2A, 0x7F, 0x00} },   // 監
    { 0x76E4, {0x76, 0x56, 0x2F, 0x55, 0x3E, 0x2A, 0x7F, 0x00} },   // 盤
    { 0x76EE, {0x7E, 0x42, 0x7E, 0x42, 0x7E, 0x42, 0x7E, 0x00} },   // 目
    { 0x76F2, {0x08, 0x7F, 0x02, 0x3E, 0x3E, 0x22, 0x3E, 0x00} },   // 盲
    { 0x76F4, {0x08, 0x7F, 0x08, 0x3D, 0x25, 0x3D, 0x7F, 0x00} },   // 直
    { 0x76F8, {0x74, 0x5F, 0x74, 0x5E, 0x76, 0x55, 0x74, 0x00} },   // 相
    { 0x76FE, {0x60, 0x1E, 0x7E, 0x12, 0x3A, 0x3A, 0x39, 0x00} },   // 盾
    { 0x7701, {0x08, 0x2A, 0x49, 0x3C, 0x27, 0x3C, 0x3C, 0x00} },   // 省
    { 0x7709, {0x7E, 0x52, 0x7E, 0x4A, 0x7A, 0x4A, 0x79, 0x00} },   // 眉
    { 0x770B, {0x30, 0x0E, 0x3C, 0x7F, 0x3E, 0x25, 0x3C, 0x00} },   // 看
    { 0x770C, {0x3C, 0x25, 0x3D, 0x25, 0x7F, 0x08, 0x49, 0x00} },   // 県
    { 0x771F, {0x08, 0x7F, 0x1C, 0x1C, 0x7F, 0x00, 0x63, 0x00} },   // 真
    { 0x7720, {0x7F, 0x4D, 0x7F, 0x2D, 0x7F, 0x2D, 0x5F, 0x00} },   // 眠
    { 0x773A, {0x2F, 0x6D, 0x2F, 0x6D, 0x2F, 0x2D, 0x67, 0x00} },   // 眺
    { 0x773C, {0x7F, 0x4D, 0x7F, 0x4D, 0x7F, 0x2D, 0x5F, 0x00} },   // 眼
    { 0x7740, {0x24, 0x7F, 0x08, 0x7F, 0x3A, 0x3A, 0x39, 0x00} },   // 着
    { 0x7761, {0x77, 0x25, 0x7F, 0x35, 0x7F, 0x25, 0x77, 0x00} },   // 睡
    { 0x7763, {0x74, 0x5C, 0x2F, 0x55, 0x3E, 0x22, 0x3E, 0x00} },   // 督
    { 0x7766, {0x17, 0x3D, 0x7F, 0x2D, 0x67, 0x15, 0x7F, 0x00} },   // 睦
    { 0x77A5, {0x69, 0x56, 0x2F, 0x55, 0x3E, 0x3E, 0x3E, 0x00} },   // 瞥
    { 0x77AC, {0x7F, 0x2D, 0x7F, 0x45, 0x2F, 0x7D, 0x27, 0x00} },   // 瞬
    { 0x77AD, {0x17, 0x7D, 0x2F, 0x7D, 0x2F, 0x15, 0x57, 0x00} },   // 瞭
    { 0x77B3, {0x27, 0x7D, 0x57, 0x7D, 0x77, 0x25, 0x7F, 0x00} },   // 瞳
    { 0x77DB, {0x3E, 0x14, 0x08, 0x7F, 0x4C, 0x0B, 0x0C, 0x00} },   // 矛
    { 0x77E2, {0x02, 0x3E, 0x09, 0x7F, 0x08, 0x14, 0x63, 0x00} },   // 矢
    { 0x77E5, {0x02, 0x7E, 0x55, 0x5E, 0x54, 0x5A, 0x71, 0x00} },   // 知
    { 0x77E7, {0x59, 0x57, 0x5A, 0x4F, 0x5A, 0x56, 0x59, 0x00} },   // 矧
    { 0x77E9, {0x72, 0x1E, 0x75, 0x5E, 0x74, 0x1A, 0x71, 0x00} },   // 矩
    { 0x77ED, {0x79, 0x07, 0x7A, 0x4F, 0x7A, 0x36, 0x79, 0x00} },   // 短
    { 0x77EF, {0x39, 0x7F, 0x2A, 0x57, 0x7E, 0x46, 0x55, 0x00} },   // 矯
    { 0x77F3, {0x7F, 0x04, 0x04, 0x3E, 0x25, 0x24, 0x3C, 0x00} },   // 石
    { 0x7802, {0x17, 0x3A, 0x5A, 0x11, 0x56, 0x26, 0x18, 0x00} },   // 砂
    { 0x7814, {0x7F, 0x52, 0x52, 0x79, 0x56, 0x56, 0x48, 0x00} },   // 研
    { 0x7815, {0x17, 0x3A, 0x32, 0x69, 0x16, 0x7E, 0x10, 0x00} },   // 砕
    { 0x7825, {0x47, 0x3A, 0x2A, 0x79, 0x2E, 0x4E, 0x78, 0x00} },   // 砥
    { 0x7826, {0x24, 0x6D, 0x25, 0x7F, 0x02, 0x3D, 0x3C, 0x00} },   // 砦
    { 0x7827, {0x17, 0x12, 0x72, 0x11, 0x7E, 0x4E, 0x78, 0x00} },   // 砧
    { 0x7832, {0x17, 0x72, 0x6A, 0x41, 0x76, 0x16, 0x70, 0x00} },   // 砲
    { 0x7834, {0x27, 0x7A, 0x6A, 0x79, 0x5E, 0x2E, 0x50, 0x00} },   // 破
    { 0x783A, {0x7F, 0x0A, 0x7A, 0x29, 0x6E, 0x56, 0x50, 0x00} },   // 砺
    { 0x783F, {0x27, 0x7A, 0x0A, 0x29, 0x2E, 0x56, 0x70, 0x00} },   // 砿
    { 0x785D, {0x6F, 0x22, 0x7A, 0x49, 0x7E, 0x4E, 0x68, 0x00} },   // 硝
    { 0x786B, {0x27, 0x7A, 0x12, 0x79, 0x06, 0x56, 0x58, 0x00} },   // 硫
    { 0x786C, {0x7F, 0x72, 0x72, 0x21, 0x36, 0x26, 0x58, 0x00} },   // 硬
    { 0x786F, {0x7F, 0x4A, 0x7A, 0x49, 0x7E, 0x36, 0x68, 0x00} },   // 硯
    { 0x7872, {0x2B, 0x46, 0x12, 0x29, 0x46, 0x36, 0x30, 0x00} },   // 硲
    { 0x7881, {0x14, 0x3E, 0x14, 0x7F, 0x22, 0x5D, 0x1A, 0x00} },   // 碁
    { 0x7887, {0x27, 0x7A, 0x6A, 0x21, 0x76, 0x36, 0x68, 0x00} },   // 碇
    { 0x788D, {0x37, 0x32, 0x7A, 0x21, 0x7E, 0x2E, 0x30, 0x00} },   // 碍
    { 0x7891, {0x17, 0x7A, 0x5A, 0x79, 0x36, 0x7E, 0x20, 0x00} },   // 碑
    { 0x7893, {0x2F, 0x7A, 0x2A, 0x79, 0x2E, 0x2E, 0x78, 0x00} },   // 碓
    { 0x7895, {0x17, 0x7A, 0x12, 0x29, 0x7E, 0x26, 0x28, 0x00} },   // 碕
    { 0x7897, {0x27, 0x7A, 0x4A, 0x71, 0x6E, 0x36, 0x68, 0x00} },   // 碗
    { 0x78A7, {0x27, 0x72, 0x57, 0x72, 0x7F, 0x26, 0x3D, 0x00} },   // 碧
    { 0x78A9, {0x7F, 0x12, 0x7A, 0x49, 0x7E, 0x06, 0x48, 0x00} },   // 碩
    { 0x78BA, {0x27, 0x7A, 0x6A, 0x31, 0x7E, 0x36, 0x70, 0x00} },   // 確
    { 0x78C1, {0x57, 0x7A, 0x52, 0x29, 0x56, 0x2E, 0x78, 0x00} },   // 磁
    { 0x78D0, {0x76, 0x56, 0x2F, 0x55, 0x7F, 0x26, 0x3D, 0x00} },   // 磐
    { 0x78E8, {0x10, 0x7E, 0x2A, 0x7E, 0x2A, 0x7A, 0x35, 0x00} },   // 磨
    { 0x78EF, {0x4B, 0x26, 0x4A, 0x39, 0x6E, 0x2E, 0x54, 0x00} },   // 磯
    { 0x7901, {0x57, 0x72, 0x3A, 0x31, 0x76, 0x06, 0x68, 0x00} },   // 礁
    { 0x790E, {0x57, 0x7A, 0x52, 0x29, 0x76, 0x36, 0x68, 0x00} },   // 礎
    { 0x793A, {0x3E, 0x00, 0x7F, 0x08, 0x2A, 0x49, 0x0C, 0x00} },   // 示
    { 0x793C, {0x12, 0x17, 0x14, 0x12, 0x17, 0x52, 0x72, 0x00} },   // 礼
    { 0x793E, {0x22, 0x27, 0x74, 0x22, 0x27, 0x22, 0x7A, 0x00} },   // 社
    { 0x7941, {0x72, 0x57, 0x34, 0x52, 0x57, 0x32, 0x12, 0x00} },   // 祁
    { 0x7947, {0x42, 0x3F, 0x2C, 0x7A, 0x2F, 0x2A, 0x5A, 0x00} },   // 祇
    { 0x7948, {0x42, 0x37, 0x14, 0x72, 0x57, 0x52, 0x4A, 0x00} },   // 祈
    { 0x7949, {0x22, 0x27, 0x6C, 0x2A, 0x2F, 0x2A, 0x7A, 0x00} },   // 祉
    { 0x7950, {0x12, 0x7F, 0x14, 0x72, 0x5F, 0x52, 0x72, 0x00} },   // 祐
    { 0x7956, {0x3A, 0x2F, 0x3C, 0x2A, 0x3F, 0x2A, 0x7E, 0x00} },   // 祖
    { 0x795D, {0x7A, 0x4F, 0x4C, 0x7A, 0x37, 0x32, 0x6A, 0x00} },   // 祝
    { 0x795E, {0x12, 0x7F, 0x54, 0x7E, 0x57, 0x7E, 0x12, 0x00} },   // 神
    { 0x7962, {0x12, 0x77, 0x2C, 0x32, 0x77, 0x6A, 0x32, 0x00} },   // 祢
    { 0x7965, {0x52, 0x7F, 0x24, 0x72, 0x27, 0x7A, 0x22, 0x00} },   // 祥
    { 0x7968, {0x7F, 0x2A, 0x3E, 0x00, 0x7F, 0x2A, 0x4D, 0x00} },   // 票
    { 0x796D, {0x6E, 0x4A, 0x35, 0x22, 0x5D, 0x2A, 0x4D, 0x00} },   // 祭
    { 0x7977, {0x12, 0x3F, 0x7C, 0x2A, 0x7F, 0x26, 0x2A, 0x00} },   // 祷
    { 0x7981, {0x24, 0x7F, 0x36, 0x6D, 0x7F, 0x2A, 0x4D, 0x00} },   // 禁
    { 0x7984, {0x3A, 0x27, 0x7C, 0x12, 0x57, 0x3A, 0x56, 0x00} },   // 禄
    { 0x7985, {0x5A, 0x27, 0x7C, 0x7A, 0x27, 0x7A, 0x22, 0x00} },   // 禅
    { 0x798D, {0x72, 0x57, 0x54, 0x7A, 0x4F, 0x5A, 0x5A, 0x00} },   // 禍
    { 0x798E, {0x22, 0x67, 0x34, 0x32, 0x37, 0x32, 0x4A, 0x00} },   // 禎
    { 0x798F, {0x7A, 0x37, 0x34, 0x02, 0x7F, 0x6A, 0x7A, 0x00} },   // 福
    { 0x79A6, {0x66, 0x7D, 0x6A, 0x3B, 0x3E, 0x2A, 0x4D, 0x00} },   // 禦
    { 0x79B0, {0x7A, 0x37, 0x7C, 0x6A, 0x5F, 0x6A, 0x5A, 0x00} },   // 禰
    { 0x79BD, {0x08, 0x77, 0x2A, 0x36, 0x7F, 0x55, 0x6D, 0x00} },   // 禽
    { 0x79BE, {0x30, 0x0E, 0x7F, 0x08, 0x1C, 0x6B, 0x08, 0x00} },   // 禾
    { 0x79BF, {0x1C, 0x7F, 0x1C, 0x6B, 0x14, 0x54, 0x73, 0x00} },   // 禿
    { 0x79C0, {0x1C, 0x7F, 0x1C, 0x6B, 0x1E, 0x34, 0x23, 0x00} },   // 秀
    { 0x79C1, {0x2E, 0x24, 0x2F, 0x24, 0x1E, 0x55, 0x74, 0x00} },   // 私
    { 0x79CB, {0x13, 0x12, 0x57, 0x36, 0x13, 0x2B, 0x46, 0x00} },   // 秋
    { 0x79D1, {0x27, 0x2A, 0x27, 0x2A, 0x63, 0x3F, 0x22, 0x00} },   // 科
    { 0x79D2, {0x13, 0x3A, 0x5B, 0x16, 0x53, 0x23, 0x1A, 0x00} },   // 秒
    { 0x79D8, {0x0B, 0x52, 0x4B, 0x2E, 0x5F, 0x0B, 0x76, 0x00} },   // 秘
    { 0x79DF, {0x3B, 0x2A, 0x3B, 0x2A, 0x3B, 0x2B, 0x7E, 0x00} },   // 租
    { 0x79E4, {0x7F, 0x12, 0x57, 0x12, 0x7F, 0x13, 0x12, 0x00} },   // 秤
    { 0x79E6, {0x08, 0x3E, 0x1C, 0x7F, 0x2A, 0x1C, 0x6B, 0x00} },   // 秦
    { 0x79E9, {0x1B, 0x3A, 0x17, 0x7E, 0x13, 0x2B, 0x46, 0x00} },   // 秩
    { 0x79F0, {0x0B, 0x7A, 0x17, 0x3A, 0x5B, 0x57, 0x1A, 0x00} },   // 称
    { 0x79FB, {0x37, 0x2A, 0x17, 0x6A, 0x57, 0x23, 0x1A, 0x00} },   // 移
    { 0x7A00, {0x2B, 0x12, 0x2B, 0x7E, 0x13, 0x7B, 0x56, 0x00} },   // 稀
    { 0x7A0B, {0x3B, 0x2A, 0x7F, 0x12, 0x3B, 0x13, 0x7E, 0x00} },   // 程
    { 0x7A0E, {0x2B, 0x7E, 0x47, 0x7E, 0x2B, 0x2B, 0x66, 0x00} },   // 税
    { 0x7A14, {0x13, 0x2A, 0x77, 0x3A, 0x23, 0x4F, 0x76, 0x00} },   // 稔
    { 0x7A17, {0x13, 0x7E, 0x57, 0x7E, 0x2B, 0x7F, 0x22, 0x00} },   // 稗
    { 0x7A1A, {0x2F, 0x7A, 0x2F, 0x7A, 0x2F, 0x2B, 0x7A, 0x00} },   // 稚
    { 0x7A1C, {0x13, 0x3A, 0x13, 0x7E, 0x2B, 0x17, 0x6A, 0x00} },   // 稜
    { 0x7A2E, {0x23, 0x1A, 0x7F, 0x3A, 0x3B, 0x13, 0x7E, 0x00} },   // 種
    { 0x7A32, {0x67, 0x1A, 0x57, 0x02, 0x6F, 0x6B, 0x6A, 0x00} },   // 稲
    { 0x7A3C, {0x13, 0x7E, 0x47, 0x3A, 0x5B, 0x37, 0x5A, 0x00} },   // 稼
    { 0x7A3D, {0x53, 0x7E, 0x1B, 0x76, 0x0B, 0x7B, 0x7A, 0x00} },   // 稽
    { 0x7A3F, {0x13, 0x7E, 0x2B, 0x3A, 0x7F, 0x47, 0x56, 0x00} },   // 稿
    { 0x7A40, {0x74, 0x5F, 0x04, 0x7F, 0x55, 0x2E, 0x55, 0x00} },   // 穀
    { 0x7A42, {0x13, 0x7E, 0x3B, 0x3A, 0x03, 0x4F, 0x76, 0x00} },   // 穂
    { 0x7A46, {0x13, 0x3A, 0x3B, 0x56, 0x33, 0x43, 0x3A, 0x00} },   // 穆
    { 0x7A4D, {0x13, 0x3A, 0x13, 0x7E, 0x3B, 0x3B, 0x46, 0x00} },   // 積
    { 0x7A4E, {0x71, 0x27, 0x71, 0x56, 0x7F, 0x0E, 0x55, 0x00} },   // 穎
    { 0x7A4F, {0x63, 0x1E, 0x57, 0x3A, 0x3B, 0x4F, 0x76, 0x00} },   // 穏
    { 0x7A50, {0x37, 0x2A, 0x37, 0x7A, 0x6F, 0x3B, 0x62, 0x00} },   // 穐
    { 0x7A63, {0x13, 0x7E, 0x2B, 0x6E, 0x7F, 0x2B, 0x5A, 0x00} },   // 穣
    { 0x7A6B, {0x2B, 0x7E, 0x3B, 0x7A, 0x2B, 0x13, 0x6E, 0x00} },   // 穫
    { 0x7A74, {0x08, 0x7F, 0x41, 0x14, 0x14, 0x22, 0x41, 0x00} },   // 穴
    { 0x7A76, {0x08, 0x7F, 0x55, 0x32, 0x1F, 0x54, 0x73, 0x00} },   // 究
    { 0x7A7A, {0x08, 0x7F, 0x55, 0x32, 0x1C, 0x08, 0x7F, 0x00} },   // 空
    { 0x7A7F, {0x08, 0x7F, 0x55, 0x32, 0x1C, 0x7F, 0x12, 0x00} },   // 穿
    { 0x7A81, {0x08, 0x7F, 0x55, 0x32, 0x7F, 0x08, 0x77, 0x00} },   // 突
    { 0x7A83, {0x08, 0x7F, 0x55, 0x32, 0x77, 0x62, 0x56, 0x00} },   // 窃
    { 0x7A84, {0x08, 0x7F, 0x55, 0x32, 0x1E, 0x79, 0x08, 0x00} },   // 窄
    { 0x7A92, {0x08, 0x7F, 0x55, 0x3A, 0x5E, 0x08, 0x7F, 0x00} },   // 窒
    { 0x7A93, {0x08, 0x7F, 0x55, 0x32, 0x0C, 0x53, 0x5D, 0x00} },   // 窓
    { 0x7A9F, {0x08, 0x7F, 0x6D, 0x3E, 0x3E, 0x56, 0x7D, 0x00} },   // 窟
    { 0x7AAA, {0x08, 0x7F, 0x55, 0x32, 0x7D, 0x10, 0x7D, 0x00} },   // 窪
    { 0x7AAE, {0x08, 0x7F, 0x6D, 0x2E, 0x6B, 0x4C, 0x6B, 0x00} },   // 窮
    { 0x7AAF, {0x08, 0x7F, 0x55, 0x3E, 0x08, 0x7F, 0x55, 0x00} },   // 窯
    { 0x7ABA, {0x08, 0x7F, 0x55, 0x72, 0x77, 0x32, 0x6D, 0x00} },   // 窺
    { 0x7AC3, {0x08, 0x7F, 0x55, 0x3A, 0x3E, 0x3E, 0x70, 0x00} },   // 竃
    { 0x7ACB, {0x08, 0x7F, 0x22, 0x24, 0x14, 0x14, 0x7F, 0x00} },   // 立
    { 0x7ADC, {0x08, 0x3E, 0x14, 0x7F, 0x2A, 0x3E, 0x70, 0x00} },   // 竜
    { 0x7AE0, {0x08, 0x3E, 0x14, 0x7F, 0x22, 0x7F, 0x08, 0x00} },   // 章
    { 0x7AE3, {0x4A, 0x7F, 0x2D, 0x65, 0x3A, 0x17, 0x68, 0x00} },   // 竣
    { 0x7AE5, {0x08, 0x3E, 0x14, 0x7F, 0x3E, 0x08, 0x7F, 0x00} },   // 童
    { 0x7AEA, {0x77, 0x53, 0x27, 0x58, 0x3E, 0x14, 0x7F, 0x00} },   // 竪
    { 0x7AEF, {0x56, 0x7F, 0x05, 0x7D, 0x0A, 0x7F, 0x54, 0x00} },   // 端
    { 0x7AF6, {0x24, 0x7F, 0x5A, 0x7F, 0x5A, 0x36, 0x6D, 0x00} },   // 競
    { 0x7AF9, {0x12, 0x76, 0x2D, 0x24, 0x24, 0x24, 0x34, 0x00} },   // 竹
    { 0x7AFA, {0x12, 0x76, 0x2D, 0x00, 0x3E, 0x00, 0x7F, 0x00} },   // 竺
    { 0x7AFF, {0x12, 0x76, 0x2D, 0x3E, 0x08, 0x7F, 0x08, 0x00} },   // 竿
    { 0x7B08, {0x12, 0x76, 0x2D, 0x3E, 0x28, 0x14, 0x6B, 0x00} },   // 笈
    { 0x7B11, {0x12, 0x76, 0x2D, 0x08, 0x7F, 0x08, 0x77, 0x00} },   // 笑
    { 0x7B1B, {0x12, 0x76, 0x2D, 0x08, 0x3E, 0x2A, 0x3E, 0x00} },   // 笛
    { 0x7B20, {0x12, 0x76, 0x2D, 0x08, 0x3E, 0x14, 0x7F, 0x00} },   // 笠
    { 0x7B25, {0x12, 0x76, 0x2D, 0x7E, 0x40, 0x4E, 0x6E, 0x00} },   // 笥
    { 0x7B26, {0x12, 0x76, 0x2D, 0x7A, 0x23, 0x2A, 0x32, 0x00} },   // 符
    { 0x7B2C, {0x12, 0x76, 0x2D, 0x3E, 0x0A, 0x7C, 0x4B, 0x00} },   // 第
    { 0x7B39, {0x12, 0x76, 0x2D, 0x34, 0x7F, 0x34, 0x7C, 0x00} },   // 笹
    { 0x7B46, {0x12, 0x76, 0x2D, 0x7E, 0x28, 0x7F, 0x08, 0x00} },   // 筆
    { 0x7B48, {0x12, 0x76, 0x2D, 0x1E, 0x08, 0x7F, 0x1C, 0x00} },   // 筈
    { 0x7B49, {0x12, 0x76, 0x2D, 0x18, 0x7F, 0x14, 0x18, 0x00} },   // 等
    { 0x7B4B, {0x12, 0x76, 0x2D, 0x16, 0x7E, 0x56, 0x6D, 0x00} },   // 筋
    { 0x7B4F, {0x12, 0x76, 0x2D, 0x62, 0x3B, 0x22, 0x5A, 0x00} },   // 筏
    { 0x7B51, {0x12, 0x76, 0x2D, 0x00, 0x37, 0x32, 0x6F, 0x00} },   // 筑
    { 0x7B52, {0x12, 0x76, 0x2D, 0x7F, 0x41, 0x5D, 0x5D, 0x00} },   // 筒
    { 0x7B54, {0x12, 0x76, 0x2D, 0x1C, 0x63, 0x1C, 0x1C, 0x00} },   // 答
    { 0x7B56, {0x12, 0x76, 0x2D, 0x7F, 0x49, 0x1C, 0x6B, 0x00} },   // 策
    { 0x7B86, {0x12, 0x76, 0x3F, 0x2A, 0x76, 0x12, 0x77, 0x00} },   // 箆
    { 0x7B87, {0x12, 0x76, 0x2D, 0x7F, 0x49, 0x55, 0x7F, 0x00} },   // 箇
    { 0x7B94, {0x12, 0x76, 0x2D, 0x10, 0x7D, 0x44, 0x7D, 0x00} },   // 箔
    { 0x7B95, {0x12, 0x76, 0x2D, 0x3E, 0x14, 0x7F, 0x22, 0x00} },   // 箕
    { 0x7B97, {0x12, 0x76, 0x2D, 0x3E, 0x22, 0x7F, 0x12, 0x00} },   // 算
    { 0x7BA1, {0x12, 0x76, 0x2D, 0x7F, 0x4D, 0x3C, 0x3C, 0x00} },   // 管
    { 0x7BAA, {0x12, 0x76, 0x2D, 0x2A, 0x3E, 0x7F, 0x08, 0x00} },   // 箪
    { 0x7BAD, {0x12, 0x76, 0x2D, 0x7F, 0x2A, 0x2E, 0x2A, 0x00} },   // 箭
    { 0x7BB1, {0x12, 0x76, 0x2D, 0x54, 0x7F, 0x5E, 0x75, 0x00} },   // 箱
    { 0x7BB8, {0x12, 0x76, 0x2D, 0x18, 0x7F, 0x2C, 0x3B, 0x00} },   // 箸
    { 0x7BC0, {0x12, 0x76, 0x2D, 0x77, 0x57, 0x59, 0x17, 0x00} },   // 節
    { 0x7BC4, {0x12, 0x76, 0x2D, 0x7F, 0x56, 0x1F, 0x74, 0x00} },   // 範
    { 0x7BC7, {0x12, 0x76, 0x2D, 0x7F, 0x1E, 0x7A, 0x59, 0x00} },   // 篇
    { 0x7BC9, {0x12, 0x76, 0x2D, 0x32, 0x77, 0x1C, 0x6B, 0x00} },   // 築
    { 0x7BE0, {0x12, 0x76, 0x2D, 0x12, 0x7F, 0x3A, 0x56, 0x00} },   // 篠
    { 0x7BE4, {0x12, 0x76, 0x3D, 0x0A, 0x7E, 0x40, 0x55, 0x00} },   // 篤
    { 0x7BED, {0x12, 0x76, 0x2D, 0x14, 0x7F, 0x1C, 0x70, 0x00} },   // 篭
    { 0x7C21, {0x12, 0x76, 0x2D, 0x77, 0x77, 0x5D, 0x5D, 0x00} },   // 簡
    { 0x7C38, {0x12, 0x76, 0x2D, 0x7A, 0x5F, 0x28, 0x55, 0x00} },   // 簸
    { 0x7C3E, {0x12, 0x76, 0x7D, 0x5A, 0x7E, 0x3A, 0x55, 0x00} },   // 簾
    { 0x7C3F, {0x12, 0x76, 0x2D, 0x38, 0x7D, 0x28, 0x31, 0x00} },   // 簿
    { 0x7C4D, {0x12, 0x76, 0x2D, 0x7C, 0x2F, 0x7E, 0x35, 0x00} },   // 籍
    { 0x7C73, {0x2A, 0x08, 0x7F, 0x08, 0x1C, 0x6B, 0x08, 0x00} },   // 米
    { 0x7C7E, {0x7D, 0x52, 0x57, 0x5A, 0x77, 0x53, 0x6A, 0x00} },   // 籾
    { 0x7C81, {0x45, 0x32, 0x27, 0x7A, 0x27, 0x23, 0x22, 0x00} },   // 粁
    { 0x7C82, {0x3C, 0x22, 0x1C, 0x6B, 0x3E, 0x1C, 0x6B, 0x00} },   // 粂
    { 0x7C89, {0x2D, 0x2A, 0x47, 0x3A, 0x2B, 0x2B, 0x36, 0x00} },   // 粉
    { 0x7C8B, {0x15, 0x3E, 0x2B, 0x66, 0x13, 0x7F, 0x12, 0x00} },   // 粋
    { 0x7C8D, {0x45, 0x3A, 0x67, 0x3A, 0x67, 0x3B, 0x62, 0x00} },   // 粍
    { 0x7C92, {0x15, 0x7E, 0x2B, 0x2A, 0x2B, 0x1B, 0x7E, 0x00} },   // 粒
    { 0x7C95, {0x15, 0x7A, 0x4F, 0x7A, 0x4F, 0x4B, 0x7A, 0x00} },   // 粕
    { 0x7C97, {0x3D, 0x2A, 0x3B, 0x2A, 0x3B, 0x2B, 0x7E, 0x00} },   // 粗
    { 0x7C98, {0x15, 0x12, 0x77, 0x12, 0x7F, 0x4B, 0x7A, 0x00} },   // 粘
    { 0x7C9B, {0x08, 0x3E, 0x68, 0x3F, 0x6A, 0x5E, 0x69, 0x00} },   // 粛
    { 0x7C9F, {0x7F, 0x3E, 0x08, 0x2A, 0x7F, 0x1C, 0x6B, 0x00} },   // 粟
    { 0x7CA5, {0x6B, 0x5E, 0x6B, 0x3D, 0x6B, 0x5E, 0x6B, 0x00} },   // 粥
    { 0x7CA7, {0x25, 0x7A, 0x2F, 0x7A, 0x2F, 0x2B, 0x76, 0x00} },   // 粧
    { 0x7CBE, {0x15, 0x3A, 0x13, 0x7E, 0x2B, 0x3B, 0x2A, 0x00} },   // 精
    { 0x7CCA, {0x69, 0x7E, 0x6B, 0x7E, 0x77, 0x7F, 0x52, 0x00} },   // 糊
    { 0x7CCE, {0x7D, 0x0A, 0x7F, 0x7A, 0x77, 0x23, 0x7A, 0x00} },   // 糎
    { 0x7CD6, {0x11, 0x7E, 0x37, 0x66, 0x3F, 0x57, 0x72, 0x00} },   // 糖
    { 0x7CDE, {0x2A, 0x7F, 0x2A, 0x5D, 0x1C, 0x7F, 0x22, 0x00} },   // 糞
    { 0x7CDF, {0x29, 0x7E, 0x2B, 0x7E, 0x7F, 0x2B, 0x3A, 0x00} },   // 糟
    { 0x7CE0, {0x11, 0x7E, 0x77, 0x36, 0x5F, 0x37, 0x5A, 0x00} },   // 糠
    { 0x7CE7, {0x3D, 0x2A, 0x7F, 0x3A, 0x3B, 0x13, 0x7E, 0x00} },   // 糧
    { 0x7CF8, {0x08, 0x26, 0x18, 0x24, 0x5F, 0x08, 0x49, 0x00} },   // 糸
    { 0x7CFB, {0x3E, 0x08, 0x06, 0x28, 0x5F, 0x08, 0x49, 0x00} },   // 系
    { 0x7CFE, {0x22, 0x29, 0x2A, 0x29, 0x6A, 0x3F, 0x22, 0x00} },   // 糾
    { 0x7D00, {0x7A, 0x41, 0x42, 0x7D, 0x0A, 0x4F, 0x7A, 0x00} },   // 紀
    { 0x7D04, {0x12, 0x71, 0x4A, 0x55, 0x62, 0x47, 0x62, 0x00} },   // 約
    { 0x7D05, {0x02, 0x79, 0x22, 0x25, 0x22, 0x27, 0x7A, 0x00} },   // 紅
    { 0x7D0B, {0x12, 0x7D, 0x2A, 0x29, 0x12, 0x2B, 0x46, 0x00} },   // 紋
    { 0x7D0D, {0x12, 0x7D, 0x56, 0x55, 0x6E, 0x47, 0x66, 0x00} },   // 納
    { 0x7D10, {0x3E, 0x29, 0x2A, 0x7D, 0x2A, 0x2B, 0x7E, 0x00} },   // 紐
    { 0x7D14, {0x12, 0x7D, 0x12, 0x55, 0x7E, 0x13, 0x72, 0x00} },   // 純
    { 0x7D17, {0x12, 0x39, 0x5A, 0x15, 0x52, 0x27, 0x1A, 0x00} },   // 紗
    { 0x7D18, {0x12, 0x7D, 0x12, 0x49, 0x2A, 0x57, 0x7A, 0x00} },   // 紘
    { 0x7D19, {0x42, 0x39, 0x2A, 0x7D, 0x2A, 0x2F, 0x5A, 0x00} },   // 紙
    { 0x7D1A, {0x3E, 0x29, 0x6A, 0x49, 0x5A, 0x27, 0x5A, 0x00} },   // 級
    { 0x7D1B, {0x2A, 0x29, 0x46, 0x39, 0x2A, 0x2B, 0x36, 0x00} },   // 紛
    { 0x7D20, {0x08, 0x3E, 0x7F, 0x24, 0x5F, 0x08, 0x49, 0x00} },   // 素
    { 0x7D21, {0x22, 0x79, 0x12, 0x75, 0x52, 0x57, 0x6A, 0x00} },   // 紡
    { 0x7D22, {0x08, 0x3E, 0x7F, 0x55, 0x2E, 0x08, 0x49, 0x00} },   // 索
    { 0x7D2B, {0x24, 0x6D, 0x25, 0x6F, 0x5E, 0x08, 0x49, 0x00} },   // 紫
    { 0x7D2C, {0x12, 0x7D, 0x56, 0x7D, 0x56, 0x57, 0x7E, 0x00} },   // 紬
    { 0x7D2F, {0x3E, 0x2A, 0x3E, 0x24, 0x5F, 0x08, 0x49, 0x00} },   // 累
    { 0x7D30, {0x7A, 0x69, 0x6A, 0x7D, 0x6A, 0x6F, 0x7A, 0x00} },   // 細
    { 0x7D33, {0x12, 0x7D, 0x56, 0x7D, 0x56, 0x7F, 0x12, 0x00} },   // 紳
    { 0x7D39, {0x7A, 0x51, 0x4A, 0x65, 0x7A, 0x4F, 0x7A, 0x00} },   // 紹
    { 0x7D3A, {0x2A, 0x7D, 0x2A, 0x39, 0x2A, 0x2B, 0x3A, 0x00} },   // 紺
    { 0x7D42, {0x32, 0x29, 0x12, 0x6D, 0x12, 0x07, 0x32, 0x00} },   // 終
    { 0x7D43, {0x12, 0x7D, 0x0A, 0x2D, 0x12, 0x2B, 0x5E, 0x00} },   // 絃
    { 0x7D44, {0x3A, 0x29, 0x3A, 0x2D, 0x3A, 0x2B, 0x7E, 0x00} },   // 組
    { 0x7D4C, {0x3E, 0x29, 0x12, 0x6D, 0x3A, 0x13, 0x7E, 0x00} },   // 経
    { 0x7D50, {0x12, 0x7D, 0x12, 0x39, 0x02, 0x3B, 0x3A, 0x00} },   // 結
    { 0x7D5E, {0x12, 0x7D, 0x2A, 0x45, 0x2A, 0x13, 0x6E, 0x00} },   // 絞
    { 0x7D61, {0x32, 0x29, 0x12, 0x29, 0x46, 0x3B, 0x3A, 0x00} },   // 絡
    { 0x7D62, {0x0A, 0x79, 0x6E, 0x7D, 0x6A, 0x7F, 0x42, 0x00} },   // 絢
    { 0x7D66, {0x12, 0x29, 0x76, 0x01, 0x3A, 0x2B, 0x3A, 0x00} },   // 給
    { 0x7D71, {0x12, 0x7D, 0x2A, 0x5D, 0x2A, 0x2B, 0x66, 0x00} },   // 統
    { 0x7D75, {0x12, 0x29, 0x76, 0x01, 0x7E, 0x2B, 0x5E, 0x00} },   // 絵
    { 0x7D76, {0x32, 0x2D, 0x7A, 0x5D, 0x7A, 0x0F, 0x7A, 0x00} },   // 絶
    { 0x7D79, {0x32, 0x31, 0x02, 0x7D, 0x4A, 0x7F, 0x4A, 0x00} },   // 絹
    { 0x7D99, {0x5A, 0x29, 0x7A, 0x2D, 0x5A, 0x0F, 0x7A, 0x00} },   // 継
    { 0x7D9A, {0x12, 0x7D, 0x12, 0x7D, 0x46, 0x2B, 0x66, 0x00} },   // 続
    { 0x7D9C, {0x12, 0x7D, 0x76, 0x01, 0x7E, 0x13, 0x56, 0x00} },   // 綜
    { 0x7DAC, {0x7E, 0x29, 0x7E, 0x45, 0x3A, 0x13, 0x6E, 0x00} },   // 綬
    { 0x7DAD, {0x2A, 0x79, 0x2A, 0x7D, 0x2A, 0x2F, 0x7A, 0x00} },   // 維
    { 0x7DB1, {0x7E, 0x45, 0x6E, 0x55, 0x6E, 0x7F, 0x46, 0x00} },   // 綱
    { 0x7DB2, {0x7E, 0x45, 0x6E, 0x7F, 0x56, 0x77, 0x46, 0x00} },   // 網
    { 0x7DB4, {0x7E, 0x29, 0x56, 0x7D, 0x56, 0x2B, 0x56, 0x00} },   // 綴
    { 0x7DBB, {0x22, 0x7D, 0x76, 0x21, 0x6A, 0x2B, 0x76, 0x00} },   // 綻
    { 0x7DBE, {0x12, 0x39, 0x12, 0x7D, 0x2A, 0x17, 0x6A, 0x00} },   // 綾
    { 0x7DBF, {0x12, 0x39, 0x2A, 0x39, 0x7E, 0x57, 0x12, 0x00} },   // 綿
    { 0x7DCA, {0x77, 0x53, 0x27, 0x54, 0x7F, 0x08, 0x49, 0x00} },   // 緊
    { 0x7DCB, {0x2A, 0x6D, 0x2A, 0x6D, 0x2A, 0x6F, 0x2A, 0x00} },   // 緋
    { 0x7DCF, {0x2A, 0x45, 0x2A, 0x5D, 0x02, 0x4F, 0x76, 0x00} },   // 総
    { 0x7DD1, {0x3A, 0x21, 0x7E, 0x11, 0x56, 0x3B, 0x56, 0x00} },   // 緑
    { 0x7DD2, {0x52, 0x39, 0x12, 0x7D, 0x0A, 0x77, 0x72, 0x00} },   // 緒
    { 0x7DDA, {0x12, 0x39, 0x2A, 0x39, 0x5E, 0x3B, 0x56, 0x00} },   // 線
    { 0x7DE0, {0x12, 0x7D, 0x2A, 0x7D, 0x56, 0x3B, 0x2A, 0x00} },   // 締
    { 0x7DE8, {0x7E, 0x29, 0x3A, 0x09, 0x7A, 0x77, 0x52, 0x00} },   // 編
    { 0x7DE9, {0x62, 0x1D, 0x56, 0x79, 0x52, 0x2B, 0x56, 0x00} },   // 緩
    { 0x7DEC, {0x7A, 0x11, 0x7A, 0x6D, 0x7A, 0x6F, 0x7A, 0x00} },   // 緬
    { 0x7DEF, {0x12, 0x79, 0x52, 0x7D, 0x2A, 0x7F, 0x22, 0x00} },   // 緯
    { 0x7DF4, {0x12, 0x7D, 0x3A, 0x39, 0x12, 0x3B, 0x56, 0x00} },   // 練
    { 0x7E01, {0x3A, 0x21, 0x7E, 0x09, 0x5A, 0x37, 0x5A, 0x00} },   // 縁
    { 0x7E04, {0x3A, 0x29, 0x7A, 0x5D, 0x6A, 0x3B, 0x62, 0x00} },   // 縄
    { 0x7E1B, {0x52, 0x7D, 0x3A, 0x39, 0x7E, 0x2B, 0x32, 0x00} },   // 縛
    { 0x7E1E, {0x12, 0x7D, 0x2A, 0x39, 0x7E, 0x47, 0x56, 0x00} },   // 縞
    { 0x7E26, {0x5A, 0x75, 0x2A, 0x6D, 0x2A, 0x3B, 0x6A, 0x00} },   // 縦
    { 0x7E2B, {0x6A, 0x51, 0x22, 0x5D, 0x7A, 0x2B, 0x76, 0x00} },   // 縫
    { 0x7E2E, {0x12, 0x7D, 0x46, 0x79, 0x2E, 0x6B, 0x6A, 0x00} },   // 縮
    { 0x7E3E, {0x12, 0x39, 0x12, 0x7D, 0x3A, 0x3B, 0x46, 0x00} },   // 績
    { 0x7E41, {0x61, 0x5F, 0x2E, 0x57, 0x3E, 0x08, 0x49, 0x00} },   // 繁
    { 0x7E4A, {0x6A, 0x3D, 0x6A, 0x3D, 0x6A, 0x3B, 0x4E, 0x00} },   // 繊
    { 0x7E4B, {0x74, 0x5F, 0x2E, 0x57, 0x3E, 0x08, 0x49, 0x00} },   // 繋
    { 0x7E4D, {0x12, 0x3D, 0x72, 0x3D, 0x5A, 0x7B, 0x56, 0x00} },   // 繍
    { 0x7E54, {0x6A, 0x3D, 0x7A, 0x3D, 0x62, 0x3B, 0x5A, 0x00} },   // 織
    { 0x7E55, {0x2A, 0x7D, 0x12, 0x7D, 0x2A, 0x7F, 0x3A, 0x00} },   // 繕
    { 0x7E6D, {0x14, 0x7F, 0x14, 0x7F, 0x6D, 0x7B, 0x6D, 0x00} },   // 繭
    { 0x7E70, {0x3A, 0x29, 0x7E, 0x55, 0x7E, 0x3B, 0x56, 0x00} },   // 繰
    { 0x7E82, {0x12, 0x76, 0x3D, 0x1C, 0x67, 0x1C, 0x49, 0x00} },   // 纂
    { 0x7E8F, {0x12, 0x7D, 0x36, 0x7D, 0x6E, 0x17, 0x7A, 0x00} },   // 纏
    { 0x7F36, {0x04, 0x3C, 0x0A, 0x7F, 0x08, 0x2A, 0x3E, 0x00} },   // 缶
    { 0x7F6A, {0x7F, 0x7F, 0x14, 0x77, 0x14, 0x77, 0x12, 0x00} },   // 罪
    { 0x7F6B, {0x7F, 0x55, 0x7F, 0x12, 0x37, 0x52, 0x17, 0x00} },   // 罫
    { 0x7F6E, {0x7F, 0x55, 0x7F, 0x24, 0x3D, 0x25, 0x7F, 0x00} },   // 置
    { 0x7F70, {0x7F, 0x55, 0x7F, 0x56, 0x50, 0x47, 0x67, 0x00} },   // 罰
    { 0x7F72, {0x7F, 0x55, 0x7F, 0x1C, 0x7F, 0x2C, 0x3B, 0x00} },   // 署
    { 0x7F75, {0x7F, 0x55, 0x7F, 0x0A, 0x7E, 0x40, 0x55, 0x00} },   // 罵
    { 0x7F77, {0x7F, 0x55, 0x7F, 0x2A, 0x6F, 0x2E, 0x6A, 0x00} },   // 罷
    { 0x7F85, {0x7F, 0x55, 0x7F, 0x29, 0x7A, 0x2F, 0x7A, 0x00} },   // 羅
    { 0x7F8A, {0x24, 0x7F, 0x08, 0x3E, 0x08, 0x7F, 0x08, 0x00} },   // 羊
    { 0x7F8E, {0x24, 0x7F, 0x3E, 0x08, 0x7F, 0x08, 0x77, 0x00} },   // 美
    { 0x7FA4, {0x5F, 0x7A, 0x2F, 0x7A, 0x26, 0x7F, 0x2E, 0x00} },   // 群
    { 0x7FA8, {0x24, 0x7F, 0x08, 0x7F, 0x39, 0x10, 0x6D, 0x00} },   // 羨
    { 0x7FA9, {0x24, 0x7F, 0x08, 0x7F, 0x54, 0x3F, 0x54, 0x00} },   // 義
    { 0x7FBD, {0x7F, 0x48, 0x5A, 0x48, 0x6C, 0x5B, 0x6C, 0x00} },   // 羽
    { 0x7FC1, {0x14, 0x63, 0x04, 0x7F, 0x5A, 0x6C, 0x5B, 0x00} },   // 翁
    { 0x7FCC, {0x7F, 0x5A, 0x6C, 0x5B, 0x3E, 0x14, 0x7F, 0x00} },   // 翌
    { 0x7FD2, {0x7F, 0x5A, 0x6C, 0x5B, 0x04, 0x3E, 0x3E, 0x00} },   // 習
    { 0x7FE0, {0x7F, 0x5A, 0x6C, 0x7F, 0x2A, 0x7F, 0x08, 0x00} },   // 翠
    { 0x7FEB, {0x6F, 0x0A, 0x7F, 0x2A, 0x24, 0x2E, 0x5E, 0x00} },   // 翫
    { 0x7FF0, {0x17, 0x2A, 0x47, 0x7D, 0x52, 0x7B, 0x56, 0x00} },   // 翰
    { 0x7FFB, {0x7F, 0x56, 0x7F, 0x56, 0x7D, 0x7E, 0x56, 0x00} },   // 翻
    { 0x7FFC, {0x7F, 0x5A, 0x6C, 0x1A, 0x7F, 0x00, 0x63, 0x00} },   // 翼
    { 0x8000, {0x74, 0x6D, 0x74, 0x2F, 0x76, 0x3E, 0x71, 0x00} },   // 耀
    { 0x8001, {0x48, 0x3E, 0x18, 0x7F, 0x3C, 0x0B, 0x78, 0x00} },   // 老
    { 0x8003, {0x48, 0x3E, 0x18, 0x7F, 0x0C, 0x7B, 0x40, 0x00} },   // 考
    { 0x8005, {0x48, 0x3E, 0x18, 0x7F, 0x04, 0x3B, 0x38, 0x00} },   // 者
    { 0x800C, {0x7F, 0x08, 0x7F, 0x55, 0x55, 0x55, 0x55, 0x00} },   // 而
    { 0x8010, {0x5F, 0x62, 0x5F, 0x75, 0x75, 0x55, 0x55, 0x00} },   // 耐
    { 0x8015, {0x2A, 0x7F, 0x2A, 0x2B, 0x7E, 0x2B, 0x26, 0x00} },   // 耕
    { 0x8017, {0x22, 0x1F, 0x72, 0x1F, 0x72, 0x1F, 0x72, 0x00} },   // 耗
    { 0x8033, {0x7F, 0x24, 0x3C, 0x3C, 0x24, 0x7F, 0x20, 0x00} },   // 耳
    { 0x8036, {0x7F, 0x6A, 0x2E, 0x6E, 0x6A, 0x2F, 0x28, 0x00} },   // 耶
    { 0x803D, {0x17, 0x7E, 0x5E, 0x16, 0x36, 0x37, 0x6C, 0x00} },   // 耽
    { 0x8056, {0x7F, 0x56, 0x7F, 0x08, 0x3E, 0x08, 0x7F, 0x00} },   // 聖
    { 0x805E, {0x77, 0x77, 0x41, 0x7F, 0x5D, 0x5F, 0x51, 0x00} },   // 聞
    { 0x8061, {0x57, 0x4E, 0x16, 0x7E, 0x06, 0x5F, 0x6C, 0x00} },   // 聡
    { 0x806F, {0x57, 0x2E, 0x56, 0x2E, 0x7E, 0x77, 0x2C, 0x00} },   // 聯
    { 0x8074, {0x27, 0x7E, 0x76, 0x76, 0x06, 0x5F, 0x6C, 0x00} },   // 聴
    { 0x8077, {0x6F, 0x3E, 0x76, 0x3E, 0x66, 0x2F, 0x5C, 0x00} },   // 職
    { 0x807E, {0x64, 0x3F, 0x4A, 0x6F, 0x3A, 0x7F, 0x20, 0x00} },   // 聾
    { 0x8087, {0x7F, 0x5A, 0x2E, 0x51, 0x3E, 0x7F, 0x08, 0x00} },   // 肇
    { 0x8089, {0x08, 0x7F, 0x49, 0x55, 0x49, 0x55, 0x61, 0x00} },   // 肉
    { 0x808B, {0x17, 0x7D, 0x57, 0x55, 0x57, 0x55, 0x6D, 0x00} },   // 肋
    { 0x808C, {0x3F, 0x2D, 0x2F, 0x2D, 0x2F, 0x2D, 0x65, 0x00} },   // 肌
    { 0x8096, {0x4A, 0x2C, 0x7E, 0x42, 0x7E, 0x42, 0x62, 0x00} },   // 肖
    { 0x8098, {0x27, 0x7D, 0x27, 0x2D, 0x37, 0x25, 0x35, 0x00} },   // 肘
    { 0x809D, {0x77, 0x25, 0x27, 0x7D, 0x27, 0x25, 0x25, 0x00} },   // 肝
    { 0x80A1, {0x77, 0x55, 0x07, 0x75, 0x57, 0x25, 0x5D, 0x00} },   // 股
    { 0x80A2, {0x27, 0x7D, 0x27, 0x75, 0x57, 0x25, 0x5D, 0x00} },   // 肢
    { 0x80A5, {0x7F, 0x55, 0x57, 0x7D, 0x07, 0x45, 0x7D, 0x00} },   // 肥
    { 0x80A9, {0x7F, 0x22, 0x3E, 0x3A, 0x2A, 0x3A, 0x29, 0x00} },   // 肩
    { 0x80AA, {0x27, 0x7D, 0x17, 0x75, 0x57, 0x55, 0x6D, 0x00} },   // 肪
    { 0x80AF, {0x08, 0x3A, 0x0A, 0x7F, 0x22, 0x3E, 0x22, 0x00} },   // 肯
    { 0x80B1, {0x17, 0x7D, 0x17, 0x4D, 0x27, 0x55, 0x7D, 0x00} },   // 肱
    { 0x80B2, {0x08, 0x7F, 0x24, 0x5F, 0x22, 0x3E, 0x22, 0x00} },   // 育
    { 0x80B4, {0x26, 0x18, 0x24, 0x7F, 0x26, 0x3D, 0x24, 0x00} },   // 肴
    { 0x80BA, {0x27, 0x7D, 0x27, 0x7D, 0x6F, 0x6D, 0x25, 0x00} },   // 肺
    { 0x80C3, {0x7F, 0x49, 0x7F, 0x3E, 0x22, 0x3E, 0x22, 0x00} },   // 胃
    { 0x80C6, {0x77, 0x55, 0x77, 0x55, 0x77, 0x05, 0x75, 0x00} },   // 胆
    { 0x80CC, {0x14, 0x77, 0x14, 0x7F, 0x22, 0x3E, 0x22, 0x00} },   // 背
    { 0x80CE, {0x27, 0x25, 0x57, 0x7D, 0x07, 0x75, 0x75, 0x00} },   // 胎
    { 0x80DE, {0x17, 0x75, 0x6F, 0x45, 0x77, 0x15, 0x75, 0x00} },   // 胞
    { 0x80E1, {0x72, 0x57, 0x72, 0x57, 0x75, 0x57, 0x68, 0x00} },   // 胡
    { 0x80E4, {0x2A, 0x26, 0x2A, 0x3E, 0x36, 0x3E, 0x75, 0x00} },   // 胤
    { 0x80F4, {0x7F, 0x4D, 0x7F, 0x4D, 0x7F, 0x7D, 0x4D, 0x00} },   // 胴
    { 0x80F8, {0x17, 0x75, 0x6F, 0x55, 0x6F, 0x7D, 0x45, 0x00} },   // 胸
    { 0x80FD, {0x24, 0x6A, 0x2F, 0x6E, 0x6A, 0x2E, 0x6A, 0x00} },   // 能
    { 0x8102, {0x57, 0x35, 0x57, 0x75, 0x07, 0x75, 0x75, 0x00} },   // 脂
    { 0x8105, {0x08, 0x3E, 0x24, 0x7F, 0x6A, 0x3D, 0x24, 0x00} },   // 脅
    { 0x8106, {0x37, 0x2D, 0x7F, 0x7D, 0x5F, 0x1D, 0x75, 0x00} },   // 脆
    { 0x8107, {0x17, 0x7D, 0x57, 0x05, 0x57, 0x7D, 0x55, 0x00} },   // 脇
    { 0x8108, {0x27, 0x1D, 0x67, 0x1D, 0x6F, 0x2D, 0x4D, 0x00} },   // 脈
    { 0x810A, {0x6B, 0x08, 0x6B, 0x1C, 0x63, 0x3E, 0x22, 0x00} },   // 脊
    { 0x811A, {0x77, 0x7D, 0x77, 0x7D, 0x77, 0x2D, 0x3D, 0x00} },   // 脚
    { 0x8131, {0x57, 0x7D, 0x4F, 0x7D, 0x37, 0x35, 0x6D, 0x00} },   // 脱
    { 0x8133, {0x5F, 0x45, 0x2F, 0x55, 0x6F, 0x4D, 0x7D, 0x00} },   // 脳
    { 0x8139, {0x77, 0x15, 0x37, 0x15, 0x7F, 0x35, 0x55, 0x00} },   // 脹
    { 0x814E, {0x77, 0x53, 0x27, 0x50, 0x3E, 0x3E, 0x22, 0x00} },   // 腎
    { 0x8150, {0x10, 0x7E, 0x2A, 0x36, 0x7E, 0x56, 0x6D, 0x00} },   // 腐
    { 0x8154, {0x27, 0x7D, 0x5F, 0x05, 0x77, 0x25, 0x7D, 0x00} },   // 腔
    { 0x8155, {0x27, 0x7D, 0x4F, 0x75, 0x6F, 0x35, 0x6D, 0x00} },   // 腕
    { 0x816B, {0x47, 0x35, 0x7F, 0x75, 0x77, 0x25, 0x7D, 0x00} },   // 腫
    { 0x8170, {0x7F, 0x35, 0x37, 0x15, 0x7F, 0x35, 0x5D, 0x00} },   // 腰
    { 0x8178, {0x77, 0x55, 0x7F, 0x15, 0x77, 0x6D, 0x55, 0x00} },   // 腸
    { 0x8179, {0x0F, 0x7D, 0x37, 0x35, 0x2F, 0x15, 0x6D, 0x00} },   // 腹
    { 0x817A, {0x17, 0x3D, 0x2F, 0x3D, 0x5F, 0x3D, 0x55, 0x00} },   // 腺
    { 0x817F, {0x6F, 0x65, 0x67, 0x2D, 0x5F, 0x0D, 0x7D, 0x00} },   // 腿
    { 0x818F, {0x08, 0x7F, 0x22, 0x7F, 0x5D, 0x3E, 0x22, 0x00} },   // 膏
    { 0x819A, {0x10, 0x70, 0x1E, 0x7A, 0x7A, 0x7A, 0x49, 0x00} },   // 膚
    { 0x819C, {0x57, 0x7D, 0x37, 0x35, 0x7F, 0x25, 0x5D, 0x00} },   // 膜
    { 0x819D, {0x27, 0x7D, 0x37, 0x6D, 0x37, 0x6D, 0x35, 0x00} },   // 膝
    { 0x81A8, {0x57, 0x3D, 0x57, 0x3D, 0x1F, 0x55, 0x3D, 0x00} },   // 膨
    { 0x81B3, {0x57, 0x7D, 0x27, 0x7D, 0x57, 0x7D, 0x75, 0x00} },   // 膳
    { 0x81BF, {0x57, 0x7D, 0x7F, 0x05, 0x7F, 0x2D, 0x5D, 0x00} },   // 膿
    { 0x81C6, {0x17, 0x7D, 0x2F, 0x7D, 0x37, 0x5D, 0x6D, 0x00} },   // 臆
    { 0x81D3, {0x2F, 0x7D, 0x27, 0x7D, 0x2F, 0x2D, 0x5D, 0x00} },   // 臓
    { 0x81E3, {0x7F, 0x09, 0x3F, 0x21, 0x3F, 0x09, 0x7F, 0x00} },   // 臣
    { 0x81E5, {0x2F, 0x25, 0x2F, 0x29, 0x2F, 0x25, 0x5F, 0x00} },   // 臥
    { 0x81E8, {0x2F, 0x65, 0x7F, 0x69, 0x0F, 0x75, 0x7F, 0x00} },   // 臨
    { 0x81EA, {0x08, 0x7E, 0x42, 0x5E, 0x7A, 0x42, 0x7E, 0x00} },   // 自
    { 0x81ED, {0x08, 0x3E, 0x22, 0x3E, 0x7F, 0x08, 0x77, 0x00} },   // 臭
    { 0x81F3, {0x7F, 0x14, 0x2E, 0x08, 0x3E, 0x08, 0x7F, 0x00} },   // 至
    { 0x81F4, {0x2F, 0x64, 0x5A, 0x5F, 0x56, 0x2C, 0x53, 0x00} },   // 致
    { 0x81FC, {0x04, 0x73, 0x41, 0x77, 0x41, 0x41, 0x7F, 0x00} },   // 臼
    { 0x8208, {0x62, 0x5D, 0x77, 0x5D, 0x7F, 0x00, 0x63, 0x00} },   // 興
    { 0x820C, {0x30, 0x0E, 0x7F, 0x08, 0x3E, 0x22, 0x3E, 0x00} },   // 舌
    { 0x820E, {0x08, 0x14, 0x6B, 0x1C, 0x7F, 0x22, 0x3E, 0x00} },   // 舎
    { 0x8217, {0x52, 0x7D, 0x12, 0x7F, 0x54, 0x7F, 0x57, 0x00} },   // 舗
    { 0x8218, {0x22, 0x7D, 0x4A, 0x37, 0x72, 0x55, 0x77, 0x00} },   // 舘
    { 0x821B, {0x22, 0x7E, 0x2A, 0x2D, 0x78, 0x24, 0x23, 0x00} },   // 舛
    { 0x821C, {0x7F, 0x2A, 0x7F, 0x4D, 0x3A, 0x74, 0x23, 0x00} },   // 舜
    { 0x821E, {0x01, 0x7F, 0x2A, 0x7F, 0x2A, 0x7D, 0x22, 0x00} },   // 舞
    { 0x821F, {0x08, 0x3E, 0x2A, 0x22, 0x7F, 0x2A, 0x29, 0x00} },   // 舟
    { 0x822A, {0x12, 0x7F, 0x05, 0x3D, 0x2F, 0x2D, 0x6D, 0x00} },   // 航
    { 0x822C, {0x72, 0x57, 0x05, 0x75, 0x57, 0x25, 0x5D, 0x00} },   // 般
    { 0x8235, {0x22, 0x7F, 0x4D, 0x15, 0x77, 0x15, 0x75, 0x00} },   // 舵
    { 0x8236, {0x12, 0x7F, 0x4D, 0x7D, 0x4F, 0x4D, 0x7D, 0x00} },   // 舶
    { 0x8237, {0x22, 0x7F, 0x15, 0x5D, 0x27, 0x55, 0x7D, 0x00} },   // 舷
    { 0x8239, {0x52, 0x57, 0x55, 0x0D, 0x77, 0x55, 0x75, 0x00} },   // 船
    { 0x8247, {0x4E, 0x3B, 0x27, 0x7B, 0x2F, 0x7B, 0x77, 0x00} },   // 艇
    { 0x8266, {0x2A, 0x6F, 0x0D, 0x6D, 0x07, 0x35, 0x7D, 0x00} },   // 艦
    { 0x826E, {0x3E, 0x22, 0x3E, 0x22, 0x3E, 0x12, 0x67, 0x00} },   // 艮
    { 0x826F, {0x08, 0x3E, 0x22, 0x3E, 0x3E, 0x12, 0x67, 0x00} },   // 良
    { 0x8272, {0x1C, 0x13, 0x3E, 0x2A, 0x3E, 0x42, 0x7C, 0x00} },   // 色
    { 0x8276, {0x6A, 0x5F, 0x2F, 0x79, 0x77, 0x1E, 0x77, 0x00} },   // 艶
    { 0x828B, {0x14, 0x7F, 0x14, 0x3E, 0x08, 0x7F, 0x0C, 0x00} },   // 芋
    { 0x8299, {0x14, 0x7F, 0x08, 0x3E, 0x7F, 0x08, 0x77, 0x00} },   // 芙
    { 0x829D, {0x14, 0x7F, 0x08, 0x3E, 0x10, 0x0A, 0x7D, 0x00} },   // 芝
    { 0x82A5, {0x14, 0x7F, 0x08, 0x14, 0x77, 0x14, 0x12, 0x00} },   // 芥
    { 0x82A6, {0x14, 0x7F, 0x14, 0x7F, 0x22, 0x3E, 0x01, 0x00} },   // 芦
    { 0x82AD, {0x14, 0x7F, 0x3E, 0x2A, 0x3E, 0x42, 0x7C, 0x00} },   // 芭
    { 0x82AF, {0x14, 0x7F, 0x14, 0x04, 0x26, 0x56, 0x5D, 0x00} },   // 芯
    { 0x82B1, {0x14, 0x7F, 0x14, 0x52, 0x33, 0x52, 0x72, 0x00} },   // 花
    { 0x82B3, {0x14, 0x7F, 0x08, 0x7F, 0x04, 0x3C, 0x23, 0x00} },   // 芳
    { 0x82B8, {0x14, 0x7F, 0x14, 0x3E, 0x7F, 0x24, 0x5F, 0x00} },   // 芸
    { 0x82B9, {0x14, 0x7F, 0x34, 0x0E, 0x7E, 0x12, 0x11, 0x00} },   // 芹
    { 0x82BD, {0x14, 0x7F, 0x3E, 0x12, 0x7F, 0x14, 0x1B, 0x00} },   // 芽
    { 0x82C5, {0x14, 0x7F, 0x48, 0x5A, 0x54, 0x4A, 0x61, 0x00} },   // 苅
    { 0x82D1, {0x14, 0x7F, 0x14, 0x7E, 0x5B, 0x14, 0x73, 0x00} },   // 苑
    { 0x82D3, {0x14, 0x7F, 0x08, 0x14, 0x7F, 0x48, 0x08, 0x00} },   // 苓
    { 0x82D4, {0x14, 0x7F, 0x08, 0x24, 0x5F, 0x22, 0x3E, 0x00} },   // 苔
    { 0x82D7, {0x14, 0x7F, 0x14, 0x3E, 0x3E, 0x2A, 0x3E, 0x00} },   // 苗
    { 0x82DB, {0x14, 0x7F, 0x14, 0x7F, 0x2E, 0x2A, 0x2E, 0x00} },   // 苛
    { 0x82E5, {0x14, 0x7F, 0x04, 0x7F, 0x02, 0x3D, 0x3C, 0x00} },   // 若
    { 0x82E6, {0x14, 0x7F, 0x14, 0x7F, 0x08, 0x3E, 0x3E, 0x00} },   // 苦
    { 0x82E7, {0x14, 0x7F, 0x14, 0x7F, 0x5D, 0x08, 0x0C, 0x00} },   // 苧
    { 0x82EB, {0x14, 0x7F, 0x08, 0x38, 0x08, 0x3E, 0x3E, 0x00} },   // 苫
    { 0x82F1, {0x14, 0x7F, 0x14, 0x2A, 0x7F, 0x08, 0x77, 0x00} },   // 英
    { 0x8302, {0x14, 0x7F, 0x14, 0x7E, 0x52, 0x22, 0x59, 0x00} },   // 茂
    { 0x8304, {0x14, 0x7F, 0x14, 0x02, 0x7F, 0x5A, 0x7D, 0x00} },   // 茄
    { 0x8305, {0x14, 0x7F, 0x3E, 0x10, 0x7F, 0x4A, 0x0D, 0x00} },   // 茅
    { 0x830E, {0x14, 0x7F, 0x14, 0x08, 0x77, 0x08, 0x3E, 0x00} },   // 茎
    { 0x831C, {0x14, 0x7F, 0x14, 0x7F, 0x36, 0x22, 0x3E, 0x00} },   // 茜
    { 0x8328, {0x14, 0x7F, 0x08, 0x79, 0x54, 0x10, 0x6D, 0x00} },   // 茨
    { 0x8336, {0x14, 0x7F, 0x08, 0x14, 0x7F, 0x08, 0x49, 0x00} },   // 茶
    { 0x8338, {0x14, 0x7F, 0x14, 0x7F, 0x24, 0x7F, 0x20, 0x00} },   // 茸
    { 0x8349, {0x14, 0x7F, 0x3E, 0x22, 0x3E, 0x7F, 0x08, 0x00} },   // 草
    { 0x834A, {0x14, 0x7F, 0x0F, 0x5A, 0x5F, 0x4A, 0x69, 0x00} },   // 荊
    { 0x834F, {0x14, 0x7F, 0x3C, 0x12, 0x7F, 0x12, 0x3A, 0x00} },   // 荏
    { 0x8352, {0x14, 0x7F, 0x02, 0x3E, 0x00, 0x2A, 0x69, 0x00} },   // 荒
    { 0x8358, {0x14, 0x7F, 0x02, 0x13, 0x7E, 0x13, 0x3A, 0x00} },   // 荘
    { 0x8377, {0x14, 0x7F, 0x14, 0x7A, 0x43, 0x5A, 0x5A, 0x00} },   // 荷
    { 0x837B, {0x14, 0x7F, 0x25, 0x6A, 0x2D, 0x24, 0x5B, 0x00} },   // 荻
    { 0x839E, {0x14, 0x7F, 0x5D, 0x00, 0x7F, 0x14, 0x73, 0x00} },   // 莞
    { 0x83AB, {0x14, 0x7F, 0x3E, 0x22, 0x7F, 0x08, 0x77, 0x00} },   // 莫
    { 0x83B1, {0x14, 0x7F, 0x2A, 0x08, 0x7F, 0x1C, 0x6B, 0x00} },   // 莱
    { 0x83C5, {0x14, 0x7F, 0x14, 0x7F, 0x4D, 0x3C, 0x3C, 0x00} },   // 菅
    { 0x83CA, {0x14, 0x7F, 0x02, 0x7E, 0x6B, 0x5C, 0x6A, 0x00} },   // 菊
    { 0x83CC, {0x14, 0x7F, 0x14, 0x7F, 0x5D, 0x6B, 0x7F, 0x00} },   // 菌
    { 0x83D3, {0x14, 0x7F, 0x3E, 0x2A, 0x7F, 0x1C, 0x6B, 0x00} },   // 菓
    { 0x83D6, {0x14, 0x7F, 0x3E, 0x22, 0x7F, 0x41, 0x7F, 0x00} },   // 菖
    { 0x83DC, {0x14, 0x7F, 0x2A, 0x10, 0x7F, 0x1C, 0x6B, 0x00} },   // 菜
    { 0x83DF, {0x14, 0x7F, 0x3C, 0x2B, 0x3E, 0x54, 0x73, 0x00} },   // 菟
    { 0x83E9, {0x14, 0x7F, 0x3E, 0x14, 0x7F, 0x22, 0x3E, 0x00} },   // 菩
    { 0x83EF, {0x14, 0x7F, 0x2A, 0x7F, 0x2A, 0x7F, 0x08, 0x00} },   // 華
    { 0x83F0, {0x14, 0x7F, 0x7B, 0x2A, 0x29, 0x6A, 0x57, 0x00} },   // 菰
    { 0x83F1, {0x14, 0x7F, 0x1C, 0x3F, 0x76, 0x19, 0x66, 0x00} },   // 菱
    { 0x8404, {0x14, 0x7F, 0x7E, 0x4A, 0x5D, 0x6A, 0x7E, 0x00} },   // 萄
    { 0x840C, {0x14, 0x7F, 0x55, 0x77, 0x55, 0x77, 0x48, 0x00} },   // 萌
    { 0x840E, {0x14, 0x7F, 0x1C, 0x2A, 0x7F, 0x14, 0x6F, 0x00} },   // 萎
    { 0x8429, {0x14, 0x7F, 0x24, 0x6B, 0x2A, 0x27, 0x5A, 0x00} },   // 萩
    { 0x8431, {0x14, 0x7F, 0x14, 0x7F, 0x5D, 0x1C, 0x7F, 0x00} },   // 萱
    { 0x843D, {0x14, 0x7F, 0x31, 0x2C, 0x11, 0x6C, 0x39, 0x00} },   // 落
    { 0x8449, {0x14, 0x7F, 0x3A, 0x02, 0x7F, 0x1C, 0x6B, 0x00} },   // 葉
    { 0x844E, {0x14, 0x7F, 0x12, 0x3D, 0x32, 0x7F, 0x12, 0x00} },   // 葎
    { 0x8457, {0x14, 0x7F, 0x3C, 0x18, 0x7F, 0x2C, 0x3B, 0x00} },   // 著
    { 0x845B, {0x14, 0x7F, 0x22, 0x3E, 0x7E, 0x45, 0x6C, 0x00} },   // 葛
    { 0x8461, {0x14, 0x7F, 0x7E, 0x49, 0x5E, 0x5E, 0x5A, 0x00} },   // 葡
    { 0x8463, {0x14, 0x7F, 0x1C, 0x7F, 0x2A, 0x3E, 0x7F, 0x00} },   // 董
    { 0x8466, {0x14, 0x7F, 0x24, 0x7F, 0x12, 0x7F, 0x10, 0x00} },   // 葦
    { 0x846C, {0x14, 0x7F, 0x36, 0x15, 0x72, 0x7F, 0x12, 0x00} },   // 葬
    { 0x8471, {0x14, 0x7F, 0x3E, 0x35, 0x2A, 0x53, 0x5D, 0x00} },   // 葱
    { 0x8475, {0x14, 0x7F, 0x57, 0x22, 0x5D, 0x08, 0x77, 0x00} },   // 葵
    { 0x847A, {0x14, 0x7F, 0x22, 0x7F, 0x24, 0x7F, 0x20, 0x00} },   // 葺
    { 0x848B, {0x14, 0x7F, 0x56, 0x23, 0x7E, 0x2B, 0x32, 0x00} },   // 蒋
    { 0x8490, {0x14, 0x7F, 0x08, 0x3E, 0x3E, 0x54, 0x73, 0x00} },   // 蒐
    { 0x8494, {0x14, 0x7F, 0x38, 0x13, 0x7F, 0x2B, 0x30, 0x00} },   // 蒔
    { 0x8499, {0x14, 0x7F, 0x14, 0x7F, 0x5B, 0x34, 0x5B, 0x00} },   // 蒙
    { 0x849C, {0x14, 0x7F, 0x66, 0x77, 0x22, 0x77, 0x22, 0x00} },   // 蒜
    { 0x84B2, {0x14, 0x7F, 0x11, 0x7C, 0x55, 0x7C, 0x55, 0x00} },   // 蒲
    { 0x84B8, {0x14, 0x7F, 0x4C, 0x2B, 0x4A, 0x7F, 0x55, 0x00} },   // 蒸
    { 0x84BC, {0x14, 0x7F, 0x22, 0x5D, 0x1C, 0x3A, 0x39, 0x00} },   // 蒼
    { 0x84C4, {0x14, 0x7F, 0x06, 0x48, 0x7F, 0x2A, 0x3E, 0x00} },   // 蓄
    { 0x84C9, {0x14, 0x7F, 0x55, 0x2A, 0x14, 0x7F, 0x1C, 0x00} },   // 蓉
    { 0x84CB, {0x14, 0x7F, 0x2C, 0x5F, 0x3E, 0x2A, 0x7F, 0x00} },   // 蓋
    { 0x84D1, {0x14, 0x7F, 0x1C, 0x77, 0x1C, 0x17, 0x6C, 0x00} },   // 蓑
    { 0x84EC, {0x14, 0x7F, 0x32, 0x2C, 0x5B, 0x12, 0x7D, 0x00} },   // 蓬
    { 0x84EE, {0x14, 0x7F, 0x32, 0x30, 0x7B, 0x22, 0x7D, 0x00} },   // 蓮
    { 0x8500, {0x14, 0x7F, 0x64, 0x3F, 0x6A, 0x7F, 0x2E, 0x00} },   // 蔀
    { 0x8511, {0x14, 0x7F, 0x2A, 0x7E, 0x52, 0x26, 0x51, 0x00} },   // 蔑
    { 0x8513, {0x14, 0x7F, 0x1C, 0x3E, 0x36, 0x08, 0x77, 0x00} },   // 蔓
    { 0x851A, {0x14, 0x7F, 0x4E, 0x7E, 0x52, 0x4E, 0x65, 0x00} },   // 蔚
    { 0x8526, {0x14, 0x7F, 0x08, 0x1E, 0x7E, 0x40, 0x55, 0x00} },   // 蔦
    { 0x852D, {0x14, 0x7F, 0x13, 0x29, 0x7F, 0x2B, 0x5D, 0x00} },   // 蔭
    { 0x8535, {0x14, 0x7F, 0x14, 0x3E, 0x6E, 0x2E, 0x5D, 0x00} },   // 蔵
    { 0x853D, {0x14, 0x7F, 0x29, 0x66, 0x5B, 0x2D, 0x5B, 0x00} },   // 蔽
    { 0x8543, {0x14, 0x7F, 0x2A, 0x7F, 0x2A, 0x5D, 0x1C, 0x00} },   // 蕃
    { 0x8549, {0x14, 0x7F, 0x3E, 0x15, 0x7C, 0x00, 0x55, 0x00} },   // 蕉
    { 0x854A, {0x14, 0x7F, 0x2A, 0x53, 0x1E, 0x53, 0x6D, 0x00} },   // 蕊
    { 0x854E, {0x14, 0x7F, 0x1C, 0x77, 0x7F, 0x55, 0x5D, 0x00} },   // 蕎
    { 0x8557, {0x14, 0x7F, 0x37, 0x2D, 0x12, 0x6F, 0x3B, 0x00} },   // 蕗
    { 0x8568, {0x14, 0x7F, 0x16, 0x7A, 0x6E, 0x2A, 0x55, 0x00} },   // 蕨
    { 0x8569, {0x14, 0x7F, 0x29, 0x38, 0x79, 0x54, 0x69, 0x00} },   // 蕩
    { 0x856A, {0x14, 0x7F, 0x02, 0x7F, 0x2A, 0x7F, 0x55, 0x00} },   // 蕪
    { 0x8584, {0x14, 0x7F, 0x39, 0x38, 0x7D, 0x28, 0x31, 0x00} },   // 薄
    { 0x8597, {0x14, 0x7F, 0x7F, 0x55, 0x5D, 0x6B, 0x7F, 0x00} },   // 薗
    { 0x8599, {0x14, 0x7F, 0x52, 0x36, 0x7B, 0x32, 0x75, 0x00} },   // 薙
    { 0x85A6, {0x14, 0x7F, 0x2A, 0x3E, 0x7A, 0x42, 0x55, 0x00} },   // 薦
    { 0x85A9, {0x14, 0x7F, 0x33, 0x79, 0x3B, 0x2B, 0x75, 0x00} },   // 薩
    { 0x85AA, {0x14, 0x7F, 0x3A, 0x14, 0x7F, 0x5E, 0x45, 0x00} },   // 薪
    { 0x85AB, {0x14, 0x7F, 0x1C, 0x7F, 0x2A, 0x7F, 0x55, 0x00} },   // 薫
    { 0x85AC, {0x14, 0x7F, 0x5D, 0x36, 0x7F, 0x1C, 0x6B, 0x00} },   // 薬
    { 0x85AE, {0x14, 0x7F, 0x6D, 0x56, 0x5D, 0x2A, 0x57, 0x00} },   // 薮
    { 0x85AF, {0x14, 0x7F, 0x2A, 0x7E, 0x1C, 0x7F, 0x3A, 0x00} },   // 薯
    { 0x85C1, {0x14, 0x7F, 0x1C, 0x77, 0x5D, 0x1C, 0x6B, 0x00} },   // 藁
    { 0x85CD, {0x14, 0x7F, 0x16, 0x72, 0x06, 0x1C, 0x7F, 0x00} },   // 藍
    { 0x85E4, {0x14, 0x7F, 0x54, 0x2F, 0x55, 0x3F, 0x55, 0x00} },   // 藤
    { 0x85E9, {0x14, 0x7F, 0x39, 0x7C, 0x29, 0x74, 0x31, 0x00} },   // 藩
    { 0x85F7, {0x14, 0x7F, 0x32, 0x7B, 0x10, 0x7B, 0x77, 0x00} },   // 藷
    { 0x85FB, {0x14, 0x7F, 0x29, 0x54, 0x7D, 0x38, 0x55, 0x00} },   // 藻
    { 0x8607, {0x14, 0x7F, 0x36, 0x7D, 0x36, 0x68, 0x25, 0x00} },   // 蘇
    { 0x862D, {0x14, 0x7F, 0x77, 0x49, 0x7F, 0x5D, 0x6B, 0x00} },   // 蘭
    { 0x864E, {0x10, 0x70, 0x1E, 0x72, 0x02, 0x2A, 0x65, 0x00} },   // 虎
    { 0x8650, {0x10, 0x70, 0x1E, 0x72, 0x7A, 0x0A, 0x79, 0x00} },   // 虐
    { 0x865A, {0x10, 0x70, 0x1E, 0x72, 0x02, 0x2A, 0x7D, 0x00} },   // 虚
    { 0x865C, {0x10, 0x70, 0x1E, 0x7A, 0x7E, 0x52, 0x6D, 0x00} },   // 虜
    { 0x865E, {0x10, 0x70, 0x1E, 0x72, 0x36, 0x7E, 0x29, 0x00} },   // 虞
    { 0x866B, {0x08, 0x3E, 0x2A, 0x2A, 0x3E, 0x28, 0x5F, 0x00} },   // 虫
    { 0x8679, {0x02, 0x77, 0x25, 0x27, 0x22, 0x26, 0x7B, 0x00} },   // 虹
    { 0x867B, {0x22, 0x7F, 0x0D, 0x0F, 0x0A, 0x0E, 0x73, 0x00} },   // 虻
    { 0x868A, {0x12, 0x7F, 0x2B, 0x2B, 0x12, 0x2A, 0x47, 0x00} },   // 蚊
    { 0x8695, {0x7F, 0x08, 0x77, 0x2A, 0x3E, 0x28, 0x5F, 0x00} },   // 蚕
    { 0x86A4, {0x3E, 0x24, 0x1C, 0x6B, 0x3E, 0x28, 0x5F, 0x00} },   // 蚤
    { 0x86C7, {0x22, 0x7F, 0x4D, 0x17, 0x72, 0x16, 0x73, 0x00} },   // 蛇
    { 0x86CB, {0x7F, 0x58, 0x0A, 0x7D, 0x1C, 0x28, 0x5F, 0x00} },   // 蛋
    { 0x86CD, {0x2A, 0x7F, 0x49, 0x3E, 0x3E, 0x28, 0x5F, 0x00} },   // 蛍
    { 0x86CE, {0x7A, 0x0F, 0x7D, 0x2F, 0x6A, 0x56, 0x53, 0x00} },   // 蛎
    { 0x86D9, {0x22, 0x77, 0x25, 0x7F, 0x72, 0x26, 0x7B, 0x00} },   // 蛙
    { 0x86E4, {0x22, 0x57, 0x75, 0x07, 0x72, 0x56, 0x73, 0x00} },   // 蛤
    { 0x86ED, {0x7A, 0x17, 0x7D, 0x27, 0x72, 0x26, 0x7B, 0x00} },   // 蛭
    { 0x86EE, {0x08, 0x7F, 0x14, 0x5D, 0x1C, 0x28, 0x5F, 0x00} },   // 蛮
    { 0x86F8, {0x6A, 0x27, 0x7D, 0x4F, 0x7A, 0x4E, 0x6B, 0x00} },   // 蛸
    { 0x86FE, {0x72, 0x2F, 0x7D, 0x2B, 0x6A, 0x3E, 0x4B, 0x00} },   // 蛾
    { 0x8702, {0x32, 0x2F, 0x15, 0x6F, 0x12, 0x7E, 0x13, 0x00} },   // 蜂
    { 0x8718, {0x06, 0x7F, 0x6B, 0x7F, 0x6A, 0x6A, 0x17, 0x00} },   // 蜘
    { 0x871C, {0x08, 0x7F, 0x55, 0x3E, 0x1D, 0x28, 0x5F, 0x00} },   // 蜜
    { 0x8749, {0x56, 0x23, 0x7D, 0x7F, 0x12, 0x7E, 0x13, 0x00} },   // 蝉
    { 0x874B, {0x56, 0x23, 0x7D, 0x57, 0x7E, 0x56, 0x53, 0x00} },   // 蝋
    { 0x8755, {0x12, 0x7D, 0x5A, 0x7B, 0x13, 0x55, 0x7B, 0x00} },   // 蝕
    { 0x8766, {0x6E, 0x4F, 0x65, 0x7F, 0x56, 0x2E, 0x57, 0x00} },   // 蝦
    { 0x8776, {0x56, 0x7F, 0x75, 0x07, 0x7E, 0x3A, 0x57, 0x00} },   // 蝶
    { 0x877F, {0x32, 0x37, 0x75, 0x5F, 0x6A, 0x3A, 0x67, 0x00} },   // 蝿
    { 0x878D, {0x2F, 0x76, 0x56, 0x7F, 0x29, 0x6F, 0x7D, 0x00} },   // 融
    { 0x87BA, {0x7E, 0x57, 0x7D, 0x0B, 0x7E, 0x12, 0x57, 0x00} },   // 螺
    { 0x87F9, {0x76, 0x65, 0x56, 0x7E, 0x3D, 0x28, 0x5F, 0x00} },   // 蟹
    { 0x87FB, {0x2A, 0x7F, 0x13, 0x7F, 0x6A, 0x3E, 0x4B, 0x00} },   // 蟻
    { 0x8840, {0x04, 0x3E, 0x2A, 0x2A, 0x2A, 0x2A, 0x7F, 0x00} },   // 血
    { 0x8846, {0x08, 0x3E, 0x7F, 0x0A, 0x59, 0x2A, 0x49, 0x00} },   // 衆
    { 0x884C, {0x3A, 0x01, 0x7E, 0x23, 0x22, 0x22, 0x32, 0x00} },   // 行
    { 0x8853, {0x6A, 0x1D, 0x6A, 0x5F, 0x5E, 0x4A, 0x6A, 0x00} },   // 術
    { 0x8857, {0x6A, 0x1D, 0x6A, 0x5F, 0x4A, 0x5E, 0x62, 0x00} },   // 街
    { 0x885B, {0x6A, 0x1D, 0x7A, 0x57, 0x4A, 0x5E, 0x6A, 0x00} },   // 衛
    { 0x885D, {0x72, 0x0D, 0x6A, 0x5F, 0x5E, 0x4A, 0x5E, 0x00} },   // 衝
    { 0x8861, {0x7A, 0x15, 0x6A, 0x5F, 0x5E, 0x4A, 0x56, 0x00} },   // 衡
    { 0x8863, {0x08, 0x7F, 0x08, 0x54, 0x37, 0x24, 0x4E, 0x00} },   // 衣
    { 0x8868, {0x08, 0x3E, 0x08, 0x3F, 0x54, 0x27, 0x4C, 0x00} },   // 表
    { 0x8870, {0x08, 0x7F, 0x1C, 0x77, 0x1C, 0x17, 0x6C, 0x00} },   // 衰
    { 0x8877, {0x08, 0x7F, 0x2A, 0x3E, 0x54, 0x27, 0x4C, 0x00} },   // 衷
    { 0x887F, {0x12, 0x2F, 0x74, 0x02, 0x7F, 0x26, 0x12, 0x00} },   // 衿
    { 0x8888, {0x02, 0x7F, 0x5A, 0x7D, 0x7F, 0x16, 0x6D, 0x00} },   // 袈
    { 0x888B, {0x54, 0x7A, 0x23, 0x4A, 0x7F, 0x16, 0x6D, 0x00} },   // 袋
    { 0x8896, {0x22, 0x7F, 0x6C, 0x7A, 0x6F, 0x6E, 0x7A, 0x00} },   // 袖
    { 0x88AB, {0x22, 0x7F, 0x6C, 0x7A, 0x5F, 0x2E, 0x5A, 0x00} },   // 被
    { 0x88B4, {0x22, 0x7F, 0x34, 0x5A, 0x37, 0x46, 0x62, 0x00} },   // 袴
    { 0x88B7, {0x22, 0x57, 0x74, 0x02, 0x77, 0x56, 0x72, 0x00} },   // 袷
    { 0x88C1, {0x14, 0x5E, 0x14, 0x7F, 0x66, 0x2B, 0x56, 0x00} },   // 裁
    { 0x88C2, {0x4F, 0x56, 0x55, 0x42, 0x7F, 0x16, 0x6D, 0x00} },   // 裂
    { 0x88C5, {0x12, 0x7F, 0x12, 0x3B, 0x7F, 0x16, 0x6D, 0x00} },   // 装
    { 0x88CF, {0x08, 0x7F, 0x2A, 0x3E, 0x7F, 0x16, 0x6D, 0x00} },   // 裏
    { 0x88D5, {0x2A, 0x47, 0x14, 0x2A, 0x47, 0x36, 0x32, 0x00} },   // 裕
    { 0x88DC, {0x52, 0x7F, 0x14, 0x7A, 0x5F, 0x7E, 0x5A, 0x00} },   // 補
    { 0x88DF, {0x11, 0x54, 0x31, 0x0C, 0x7F, 0x16, 0x6D, 0x00} },   // 裟
    { 0x88E1, {0x7A, 0x6F, 0x7C, 0x6A, 0x7F, 0x26, 0x7A, 0x00} },   // 裡
    { 0x88F3, {0x2A, 0x7F, 0x55, 0x1C, 0x7F, 0x16, 0x6D, 0x00} },   // 裳
    { 0x88F8, {0x7E, 0x57, 0x7C, 0x12, 0x7F, 0x3A, 0x56, 0x00} },   // 裸
    { 0x88FD, {0x46, 0x5E, 0x55, 0x4E, 0x7F, 0x16, 0x6D, 0x00} },   // 製
    { 0x88FE, {0x7A, 0x7F, 0x2C, 0x7A, 0x2F, 0x56, 0x72, 0x00} },   // 裾
    { 0x8907, {0x0A, 0x7F, 0x34, 0x32, 0x2F, 0x16, 0x6A, 0x00} },   // 複
    { 0x8910, {0x3A, 0x2F, 0x3C, 0x7A, 0x4F, 0x5E, 0x62, 0x00} },   // 褐
    { 0x8912, {0x08, 0x7F, 0x2A, 0x3B, 0x54, 0x27, 0x4C, 0x00} },   // 褒
    { 0x8956, {0x12, 0x7F, 0x6C, 0x5A, 0x7F, 0x26, 0x5A, 0x00} },   // 襖
    { 0x895F, {0x4A, 0x6F, 0x4C, 0x3A, 0x7F, 0x12, 0x56, 0x00} },   // 襟
    { 0x8972, {0x64, 0x3F, 0x6A, 0x5F, 0x7F, 0x16, 0x6D, 0x00} },   // 襲
    { 0x897F, {0x7F, 0x14, 0x7F, 0x55, 0x73, 0x41, 0x7F, 0x00} },   // 西
    { 0x8981, {0x7F, 0x2A, 0x3E, 0x08, 0x7F, 0x14, 0x6F, 0x00} },   // 要
    { 0x8986, {0x7F, 0x2A, 0x3E, 0x31, 0x2A, 0x13, 0x6E, 0x00} },   // 覆
    { 0x8987, {0x7F, 0x2A, 0x3E, 0x75, 0x52, 0x77, 0x4A, 0x00} },   // 覇
    { 0x898B, {0x3E, 0x22, 0x3E, 0x22, 0x3E, 0x54, 0x73, 0x00} },   // 見
    { 0x898F, {0x7A, 0x4F, 0x7A, 0x4F, 0x7A, 0x36, 0x69, 0x00} },   // 規
    { 0x8996, {0x7A, 0x4F, 0x7C, 0x4A, 0x7F, 0x32, 0x6A, 0x00} },   // 視
    { 0x8997, {0x77, 0x54, 0x77, 0x54, 0x77, 0x37, 0x6C, 0x00} },   // 覗
    { 0x899A, {0x2A, 0x7F, 0x55, 0x1C, 0x14, 0x5C, 0x73, 0x00} },   // 覚
    { 0x89A7, {0x17, 0x73, 0x67, 0x1C, 0x1C, 0x5C, 0x73, 0x00} },   // 覧
    { 0x89AA, {0x74, 0x5F, 0x7A, 0x54, 0x7F, 0x2E, 0x55, 0x00} },   // 親
    { 0x89B3, {0x72, 0x5E, 0x75, 0x5E, 0x77, 0x36, 0x6E, 0x00} },   // 観
    { 0x89D2, {0x1C, 0x13, 0x7E, 0x4A, 0x7E, 0x42, 0x61, 0x00} },   // 角
    { 0x89E3, {0x76, 0x65, 0x5E, 0x7E, 0x2E, 0x7A, 0x2D, 0x00} },   // 解
    { 0x89E6, {0x16, 0x7D, 0x56, 0x7E, 0x16, 0x56, 0x7D, 0x00} },   // 触
    { 0x8A00, {0x1C, 0x7F, 0x00, 0x1C, 0x00, 0x3E, 0x3E, 0x00} },   // 言
    { 0x8A02, {0x7A, 0x27, 0x20, 0x23, 0x20, 0x27, 0x37, 0x00} },   // 訂
    { 0x8A08, {0x22, 0x27, 0x78, 0x23, 0x20, 0x27, 0x27, 0x00} },   // 計
    { 0x8A0A, {0x3D, 0x2B, 0x38, 0x2D, 0x28, 0x2B, 0x67, 0x00} },   // 訊
    { 0x8A0E, {0x22, 0x7B, 0x20, 0x2B, 0x30, 0x23, 0x33, 0x00} },   // 討
    { 0x8A13, {0x4A, 0x5B, 0x58, 0x5B, 0x58, 0x4B, 0x47, 0x00} },   // 訓
    { 0x8A17, {0x22, 0x1B, 0x10, 0x7D, 0x10, 0x53, 0x73, 0x00} },   // 託
    { 0x8A18, {0x7A, 0x47, 0x40, 0x7B, 0x08, 0x4B, 0x7B, 0x00} },   // 記
    { 0x8A1F, {0x2A, 0x2B, 0x44, 0x13, 0x10, 0x2B, 0x5F, 0x00} },   // 訟
    { 0x8A23, {0x12, 0x3B, 0x30, 0x7D, 0x10, 0x13, 0x6F, 0x00} },   // 訣
    { 0x8A2A, {0x12, 0x7F, 0x08, 0x7B, 0x48, 0x4B, 0x67, 0x00} },   // 訪
    { 0x8A2D, {0x3A, 0x2B, 0x64, 0x3B, 0x28, 0x13, 0x6F, 0x00} },   // 設
    { 0x8A31, {0x0A, 0x3B, 0x14, 0x13, 0x7C, 0x13, 0x13, 0x00} },   // 許
    { 0x8A33, {0x7A, 0x4B, 0x78, 0x2B, 0x28, 0x4B, 0x47, 0x00} },   // 訳
    { 0x8A34, {0x22, 0x1B, 0x08, 0x7B, 0x38, 0x6B, 0x27, 0x00} },   // 訴
    { 0x8A3A, {0x12, 0x2B, 0x54, 0x23, 0x50, 0x23, 0x1B, 0x00} },   // 診
    { 0x8A3B, {0x0A, 0x13, 0x7C, 0x13, 0x38, 0x13, 0x7F, 0x00} },   // 註
    { 0x8A3C, {0x7A, 0x27, 0x20, 0x6B, 0x28, 0x2B, 0x7F, 0x00} },   // 証
    { 0x8A50, {0x0A, 0x7B, 0x14, 0x73, 0x10, 0x73, 0x13, 0x00} },   // 詐
    { 0x8A51, {0x12, 0x7F, 0x44, 0x2B, 0x18, 0x4B, 0x7B, 0x00} },   // 詑
    { 0x8A54, {0x7A, 0x57, 0x48, 0x63, 0x78, 0x4B, 0x7B, 0x00} },   // 詔
    { 0x8A55, {0x7D, 0x13, 0x54, 0x13, 0x7C, 0x13, 0x13, 0x00} },   // 評
    { 0x8A5E, {0x7A, 0x47, 0x58, 0x43, 0x58, 0x5B, 0x63, 0x00} },   // 詞
    { 0x8A60, {0x1A, 0x03, 0x18, 0x5D, 0x38, 0x57, 0x1B, 0x00} },   // 詠
    { 0x8A63, {0x4A, 0x3B, 0x48, 0x7B, 0x00, 0x7B, 0x7B, 0x00} },   // 詣
    { 0x8A66, {0x52, 0x13, 0x7C, 0x23, 0x3C, 0x2B, 0x5F, 0x00} },   // 試
    { 0x8A69, {0x12, 0x3B, 0x10, 0x7D, 0x20, 0x7F, 0x2B, 0x00} },   // 詩
    { 0x8A6B, {0x12, 0x7F, 0x64, 0x19, 0x7C, 0x13, 0x73, 0x00} },   // 詫
    { 0x8A6E, {0x12, 0x2B, 0x7C, 0x13, 0x38, 0x13, 0x7F, 0x00} },   // 詮
    { 0x8A70, {0x12, 0x7F, 0x10, 0x3B, 0x00, 0x3B, 0x3B, 0x00} },   // 詰
    { 0x8A71, {0x22, 0x1B, 0x7C, 0x13, 0x38, 0x2B, 0x3B, 0x00} },   // 話
    { 0x8A72, {0x22, 0x7B, 0x10, 0x2B, 0x50, 0x23, 0x5B, 0x00} },   // 該
    { 0x8A73, {0x29, 0x7F, 0x10, 0x3B, 0x10, 0x7F, 0x13, 0x00} },   // 詳
    { 0x8A87, {0x12, 0x7F, 0x28, 0x55, 0x38, 0x43, 0x63, 0x00} },   // 誇
    { 0x8A89, {0x2A, 0x7F, 0x22, 0x5D, 0x00, 0x3E, 0x3E, 0x00} },   // 誉
    { 0x8A8C, {0x12, 0x7F, 0x10, 0x3B, 0x00, 0x4B, 0x77, 0x00} },   // 誌
    { 0x8A8D, {0x7A, 0x6B, 0x50, 0x6B, 0x00, 0x4B, 0x77, 0x00} },   // 認
    { 0x8A93, {0x22, 0x1B, 0x7A, 0x2B, 0x26, 0x7F, 0x1C, 0x00} },   // 誓
    { 0x8A95, {0x4D, 0x3B, 0x64, 0x29, 0x7C, 0x0B, 0x77, 0x00} },   // 誕
    { 0x8A98, {0x3A, 0x7F, 0x38, 0x55, 0x3C, 0x6B, 0x47, 0x00} },   // 誘
    { 0x8A9E, {0x3A, 0x13, 0x3C, 0x2B, 0x7C, 0x2B, 0x3B, 0x00} },   // 語
    { 0x8AA0, {0x22, 0x7F, 0x24, 0x3D, 0x74, 0x2F, 0x57, 0x00} },   // 誠
    { 0x8AA4, {0x62, 0x6B, 0x38, 0x23, 0x78, 0x03, 0x4B, 0x00} },   // 誤
    { 0x8AAC, {0x29, 0x7F, 0x44, 0x7D, 0x28, 0x2B, 0x67, 0x00} },   // 説
    { 0x8AAD, {0x12, 0x7F, 0x10, 0x7D, 0x44, 0x2B, 0x67, 0x00} },   // 読
    { 0x8AB0, {0x2A, 0x7B, 0x2C, 0x7B, 0x28, 0x2B, 0x7B, 0x00} },   // 誰
    { 0x8AB2, {0x7D, 0x57, 0x7C, 0x13, 0x7C, 0x3B, 0x57, 0x00} },   // 課
    { 0x8AB9, {0x2A, 0x6F, 0x28, 0x6D, 0x28, 0x6F, 0x2B, 0x00} },   // 誹
    { 0x8ABC, {0x22, 0x7B, 0x48, 0x33, 0x30, 0x33, 0x7B, 0x00} },   // 誼
    { 0x8ABF, {0x7D, 0x57, 0x7C, 0x55, 0x6C, 0x7F, 0x47, 0x00} },   // 調
    { 0x8AC7, {0x55, 0x2B, 0x44, 0x13, 0x54, 0x2B, 0x47, 0x00} },   // 談
    { 0x8ACB, {0x12, 0x3B, 0x10, 0x7D, 0x28, 0x3B, 0x2B, 0x00} },   // 請
    { 0x8ACC, {0x12, 0x7F, 0x38, 0x3B, 0x10, 0x3B, 0x57, 0x00} },   // 諌
    { 0x8ACF, {0x1D, 0x7B, 0x58, 0x5B, 0x38, 0x5F, 0x13, 0x00} },   // 諏
    { 0x8AD2, {0x12, 0x7F, 0x28, 0x3B, 0x10, 0x57, 0x1B, 0x00} },   // 諒
    { 0x8AD6, {0x12, 0x2B, 0x74, 0x03, 0x7C, 0x7F, 0x57, 0x00} },   // 論
    { 0x8ADC, {0x55, 0x7F, 0x74, 0x05, 0x7C, 0x3B, 0x57, 0x00} },   // 諜
    { 0x8AE6, {0x12, 0x7F, 0x28, 0x7D, 0x54, 0x3B, 0x2B, 0x00} },   // 諦
    { 0x8AED, {0x12, 0x2B, 0x74, 0x03, 0x58, 0x5B, 0x5B, 0x00} },   // 諭
    { 0x8AEE, {0x15, 0x73, 0x68, 0x23, 0x54, 0x7B, 0x7B, 0x00} },   // 諮
    { 0x8AF8, {0x52, 0x3B, 0x10, 0x7D, 0x08, 0x77, 0x73, 0x00} },   // 諸
    { 0x8AFA, {0x12, 0x7F, 0x28, 0x7D, 0x14, 0x47, 0x37, 0x00} },   // 諺
    { 0x8AFE, {0x29, 0x7F, 0x08, 0x7D, 0x08, 0x77, 0x73, 0x00} },   // 諾
    { 0x8B00, {0x29, 0x7F, 0x28, 0x3B, 0x7C, 0x3B, 0x57, 0x00} },   // 謀
    { 0x8B01, {0x3A, 0x2B, 0x38, 0x7B, 0x4C, 0x5B, 0x63, 0x00} },   // 謁
    { 0x8B02, {0x7D, 0x57, 0x7C, 0x7D, 0x28, 0x3B, 0x2B, 0x00} },   // 謂
    { 0x8B04, {0x6F, 0x25, 0x7F, 0x35, 0x4F, 0x35, 0x35, 0x00} },   // 謄
    { 0x8B0E, {0x55, 0x23, 0x78, 0x35, 0x6C, 0x27, 0x7F, 0x00} },   // 謎
    { 0x8B19, {0x29, 0x7F, 0x38, 0x73, 0x3C, 0x3B, 0x57, 0x00} },   // 謙
    { 0x8B1B, {0x29, 0x7F, 0x28, 0x7D, 0x38, 0x7F, 0x2B, 0x00} },   // 講
    { 0x8B1D, {0x4A, 0x7F, 0x54, 0x7D, 0x74, 0x5B, 0x57, 0x00} },   // 謝
    { 0x8B21, {0x62, 0x5B, 0x10, 0x7B, 0x10, 0x57, 0x7F, 0x00} },   // 謡
    { 0x8B2C, {0x6D, 0x4B, 0x10, 0x2B, 0x54, 0x23, 0x1B, 0x00} },   // 謬
    { 0x8B39, {0x29, 0x7F, 0x28, 0x7D, 0x7C, 0x13, 0x7F, 0x00} },   // 謹
    { 0x8B58, {0x6A, 0x3F, 0x78, 0x3D, 0x60, 0x3B, 0x5B, 0x00} },   // 識
    { 0x8B5C, {0x29, 0x7F, 0x28, 0x6D, 0x28, 0x7F, 0x3B, 0x00} },   // 譜
    { 0x8B66, {0x6A, 0x5F, 0x2E, 0x59, 0x0C, 0x7F, 0x1C, 0x00} },   // 警
    { 0x8B70, {0x29, 0x7F, 0x10, 0x7D, 0x68, 0x3F, 0x4B, 0x00} },   // 議
    { 0x8B72, {0x12, 0x7F, 0x28, 0x6D, 0x7C, 0x2B, 0x5B, 0x00} },   // 譲
    { 0x8B77, {0x29, 0x7F, 0x38, 0x7B, 0x28, 0x13, 0x6F, 0x00} },   // 護
    { 0x8B83, {0x29, 0x7F, 0x28, 0x55, 0x38, 0x3B, 0x47, 0x00} },   // 讃
    { 0x8B90, {0x2A, 0x6E, 0x37, 0x6E, 0x7F, 0x22, 0x3E, 0x00} },   // 讐
    { 0x8C37, {0x14, 0x22, 0x08, 0x14, 0x63, 0x1C, 0x1C, 0x00} },   // 谷
    { 0x8C46, {0x7F, 0x00, 0x3E, 0x22, 0x3E, 0x14, 0x7F, 0x00} },   // 豆
    { 0x8C4A, {0x14, 0x3E, 0x3E, 0x7F, 0x22, 0x1C, 0x7F, 0x00} },   // 豊
    { 0x8C5A, {0x7F, 0x15, 0x37, 0x6D, 0x37, 0x6D, 0x35, 0x00} },   // 豚
    { 0x8C61, {0x1C, 0x13, 0x3C, 0x3C, 0x5B, 0x34, 0x5B, 0x00} },   // 象
    { 0x8C6A, {0x08, 0x7F, 0x22, 0x7F, 0x5B, 0x34, 0x5B, 0x00} },   // 豪
    { 0x8C79, {0x14, 0x73, 0x4E, 0x55, 0x66, 0x45, 0x62, 0x00} },   // 豹
    { 0x8C8C, {0x14, 0x7B, 0x4E, 0x7D, 0x4E, 0x35, 0x6A, 0x00} },   // 貌
    { 0x8C9D, {0x3E, 0x22, 0x3E, 0x22, 0x3E, 0x00, 0x63, 0x00} },   // 貝
    { 0x8C9E, {0x08, 0x78, 0x3E, 0x22, 0x3E, 0x3E, 0x63, 0x00} },   // 貞
    { 0x8CA0, {0x1C, 0x13, 0x3E, 0x22, 0x3E, 0x3E, 0x63, 0x00} },   // 負
    { 0x8CA1, {0x27, 0x7D, 0x27, 0x65, 0x37, 0x28, 0x35, 0x00} },   // 財
    { 0x8CA2, {0x3E, 0x08, 0x7F, 0x3E, 0x22, 0x3E, 0x63, 0x00} },   // 貢
    { 0x8CA7, {0x14, 0x22, 0x5F, 0x14, 0x3E, 0x3E, 0x63, 0x00} },   // 貧
    { 0x8CA8, {0x14, 0x72, 0x13, 0x72, 0x3C, 0x3C, 0x63, 0x00} },   // 貨
    { 0x8CA9, {0x77, 0x15, 0x77, 0x55, 0x57, 0x28, 0x55, 0x00} },   // 販
    { 0x8CAB, {0x3E, 0x6B, 0x3E, 0x3E, 0x22, 0x3E, 0x63, 0x00} },   // 貫
    { 0x8CAC, {0x08, 0x3E, 0x08, 0x7F, 0x22, 0x3E, 0x63, 0x00} },   // 責
    { 0x8CAF, {0x27, 0x7D, 0x4F, 0x75, 0x27, 0x20, 0x35, 0x00} },   // 貯
    { 0x8CB0, {0x2A, 0x7F, 0x2A, 0x7E, 0x22, 0x3E, 0x63, 0x00} },   // 貰
    { 0x8CB4, {0x08, 0x3E, 0x2A, 0x7F, 0x22, 0x3E, 0x63, 0x00} },   // 貴
    { 0x8CB7, {0x7F, 0x55, 0x7F, 0x3E, 0x22, 0x3E, 0x63, 0x00} },   // 買
    { 0x8CB8, {0x54, 0x7A, 0x23, 0x42, 0x3C, 0x3C, 0x63, 0x00} },   // 貸
    { 0x8CBB, {0x14, 0x7F, 0x54, 0x7F, 0x23, 0x3E, 0x63, 0x00} },   // 費
    { 0x8CBC, {0x17, 0x15, 0x77, 0x15, 0x7F, 0x48, 0x7D, 0x00} },   // 貼
    { 0x8CBF, {0x74, 0x63, 0x57, 0x3E, 0x22, 0x3E, 0x63, 0x00} },   // 貿
    { 0x8CC0, {0x02, 0x7F, 0x5A, 0x7D, 0x24, 0x3C, 0x63, 0x00} },   // 賀
    { 0x8CC2, {0x67, 0x55, 0x27, 0x55, 0x0F, 0x70, 0x75, 0x00} },   // 賂
    { 0x8CC3, {0x24, 0x1A, 0x7F, 0x12, 0x3C, 0x3C, 0x63, 0x00} },   // 賃
    { 0x8CC4, {0x17, 0x7D, 0x17, 0x75, 0x5F, 0x70, 0x55, 0x00} },   // 賄
    { 0x8CC7, {0x09, 0x78, 0x54, 0x29, 0x3E, 0x3E, 0x63, 0x00} },   // 資
    { 0x8CCA, {0x23, 0x7F, 0x2B, 0x3F, 0x6B, 0x20, 0x55, 0x00} },   // 賊
    { 0x8CCE, {0x57, 0x7D, 0x17, 0x3D, 0x57, 0x20, 0x55, 0x00} },   // 賎
    { 0x8CD1, {0x7F, 0x0D, 0x6F, 0x0D, 0x7F, 0x28, 0x5D, 0x00} },   // 賑
    { 0x8CD3, {0x08, 0x7F, 0x5D, 0x2A, 0x1E, 0x1C, 0x63, 0x00} },   // 賓
    { 0x8CDB, {0x22, 0x77, 0x22, 0x55, 0x3E, 0x3E, 0x63, 0x00} },   // 賛
    { 0x8CDC, {0x7F, 0x4D, 0x7F, 0x15, 0x77, 0x68, 0x55, 0x00} },   // 賜
    { 0x8CDE, {0x2A, 0x7F, 0x55, 0x3E, 0x22, 0x3E, 0x63, 0x00} },   // 賞
    { 0x8CE0, {0x27, 0x7D, 0x57, 0x7D, 0x07, 0x70, 0x75, 0x00} },   // 賠
    { 0x8CE2, {0x77, 0x53, 0x27, 0x50, 0x3E, 0x3E, 0x63, 0x00} },   // 賢
    { 0x8CE6, {0x6F, 0x23, 0x7F, 0x2B, 0x3B, 0x2C, 0x5D, 0x00} },   // 賦
    { 0x8CEA, {0x24, 0x12, 0x76, 0x3D, 0x24, 0x3C, 0x63, 0x00} },   // 質
    { 0x8CED, {0x27, 0x75, 0x27, 0x7D, 0x17, 0x68, 0x65, 0x00} },   // 賭
    { 0x8CFC, {0x2B, 0x7F, 0x2B, 0x7F, 0x3B, 0x7C, 0x29, 0x00} },   // 購
    { 0x8D08, {0x2B, 0x7F, 0x57, 0x7F, 0x3B, 0x28, 0x3D, 0x00} },   // 贈
    { 0x8D0B, {0x7E, 0x6A, 0x36, 0x76, 0x3A, 0x3A, 0x45, 0x00} },   // 贋
    { 0x8D64, {0x08, 0x3E, 0x08, 0x7F, 0x14, 0x55, 0x1A, 0x00} },   // 赤
    { 0x8D66, {0x24, 0x6E, 0x54, 0x5F, 0x5A, 0x2B, 0x5A, 0x00} },   // 赦
    { 0x8D6B, {0x24, 0x7E, 0x24, 0x7F, 0x37, 0x76, 0x2D, 0x00} },   // 赫
    { 0x8D70, {0x08, 0x3E, 0x08, 0x7F, 0x38, 0x0A, 0x7D, 0x00} },   // 走
    { 0x8D74, {0x24, 0x2F, 0x64, 0x2F, 0x2E, 0x06, 0x79, 0x00} },   // 赴
    { 0x8D77, {0x74, 0x4F, 0x74, 0x1F, 0x76, 0x06, 0x79, 0x00} },   // 起
    { 0x8D85, {0x74, 0x6F, 0x54, 0x0F, 0x76, 0x56, 0x79, 0x00} },   // 超
    { 0x8D8A, {0x22, 0x7F, 0x2A, 0x6F, 0x2A, 0x5B, 0x7D, 0x00} },   // 越
    { 0x8DA3, {0x1A, 0x77, 0x5A, 0x37, 0x5A, 0x13, 0x7D, 0x00} },   // 趣
    { 0x8DA8, {0x12, 0x77, 0x6A, 0x17, 0x72, 0x6B, 0x7D, 0x00} },   // 趨
    { 0x8DB3, {0x3E, 0x22, 0x3E, 0x08, 0x3A, 0x0A, 0x7D, 0x00} },   // 足
    { 0x8DDD, {0x7F, 0x0D, 0x7B, 0x4E, 0x7B, 0x0F, 0x7B, 0x00} },   // 距
    { 0x8DE1, {0x17, 0x7D, 0x2B, 0x6E, 0x6F, 0x2B, 0x37, 0x00} },   // 跡
    { 0x8DE8, {0x27, 0x7D, 0x37, 0x5A, 0x37, 0x43, 0x67, 0x00} },   // 跨
    { 0x8DEF, {0x67, 0x55, 0x27, 0x52, 0x0F, 0x73, 0x77, 0x00} },   // 路
    { 0x8DF3, {0x2F, 0x6D, 0x2F, 0x6A, 0x2F, 0x2B, 0x67, 0x00} },   // 跳
    { 0x8DF5, {0x57, 0x7D, 0x17, 0x3A, 0x57, 0x27, 0x5B, 0x00} },   // 践
    { 0x8E0A, {0x77, 0x25, 0x7B, 0x6E, 0x7B, 0x6F, 0x6B, 0x00} },   // 踊
    { 0x8E0F, {0x17, 0x5D, 0x3B, 0x56, 0x3B, 0x2F, 0x3B, 0x00} },   // 踏
    { 0x8E44, {0x17, 0x7D, 0x2B, 0x7E, 0x57, 0x3B, 0x2B, 0x00} },   // 蹄
    { 0x8E5F, {0x17, 0x3D, 0x13, 0x7E, 0x3B, 0x3B, 0x47, 0x00} },   // 蹟
    { 0x8E74, {0x6B, 0x3D, 0x77, 0x3E, 0x2B, 0x3F, 0x4B, 0x00} },   // 蹴
    { 0x8E8D, {0x77, 0x65, 0x77, 0x22, 0x77, 0x3B, 0x77, 0x00} },   // 躍
    { 0x8EAB, {0x08, 0x3C, 0x24, 0x7C, 0x3F, 0x28, 0x36, 0x00} },   // 身
    { 0x8EAF, {0x74, 0x1E, 0x5A, 0x3E, 0x5B, 0x1C, 0x7B, 0x00} },   // 躯
    { 0x8ECA, {0x08, 0x7F, 0x2A, 0x3E, 0x2A, 0x7F, 0x08, 0x00} },   // 車
    { 0x8ECC, {0x0B, 0x3E, 0x2B, 0x2B, 0x2A, 0x2B, 0x66, 0x00} },   // 軌
    { 0x8ECD, {0x7F, 0x49, 0x7F, 0x3E, 0x2A, 0x7F, 0x08, 0x00} },   // 軍
    { 0x8ED2, {0x77, 0x22, 0x27, 0x7F, 0x22, 0x27, 0x22, 0x00} },   // 軒
    { 0x8EDF, {0x17, 0x72, 0x6F, 0x27, 0x22, 0x27, 0x5A, 0x00} },   // 軟
    { 0x8EE2, {0x77, 0x02, 0x7F, 0x27, 0x22, 0x57, 0x7A, 0x00} },   // 転
    { 0x8EF8, {0x27, 0x7A, 0x6F, 0x7F, 0x6A, 0x6F, 0x7A, 0x00} },   // 軸
    { 0x8EFD, {0x3F, 0x2A, 0x13, 0x6F, 0x3A, 0x13, 0x7E, 0x00} },   // 軽
    { 0x8F03, {0x13, 0x7E, 0x2B, 0x47, 0x2A, 0x13, 0x6E, 0x00} },   // 較
    { 0x8F09, {0x14, 0x5E, 0x14, 0x7F, 0x66, 0x2F, 0x54, 0x00} },   // 載
    { 0x8F14, {0x53, 0x7E, 0x13, 0x7F, 0x56, 0x7F, 0x56, 0x00} },   // 輔
    { 0x8F1D, {0x7C, 0x6D, 0x7C, 0x37, 0x36, 0x7E, 0x21, 0x00} },   // 輝
    { 0x8F29, {0x14, 0x77, 0x14, 0x7F, 0x2A, 0x7F, 0x08, 0x00} },   // 輩
    { 0x8F2A, {0x17, 0x2A, 0x77, 0x07, 0x7A, 0x7F, 0x6A, 0x00} },   // 輪
    { 0x8F2F, {0x3B, 0x2A, 0x7F, 0x3B, 0x2A, 0x7F, 0x22, 0x00} },   // 輯
    { 0x8F38, {0x17, 0x2A, 0x77, 0x07, 0x5A, 0x5F, 0x5A, 0x00} },   // 輸
    { 0x8F3F, {0x6A, 0x5D, 0x6B, 0x5D, 0x7F, 0x00, 0x63, 0x00} },   // 輿
    { 0x8F44, {0x13, 0x7E, 0x57, 0x3B, 0x12, 0x7F, 0x3A, 0x00} },   // 轄
    { 0x8F4D, {0x2B, 0x7E, 0x6B, 0x67, 0x7A, 0x3B, 0x5A, 0x00} },   // 轍
    { 0x8F5F, {0x08, 0x3E, 0x1C, 0x7F, 0x36, 0x7F, 0x24, 0x00} },   // 轟
    { 0x8F61, {0x2A, 0x1D, 0x2A, 0x77, 0x2A, 0x3E, 0x3E, 0x00} },   // 轡
    { 0x8F9B, {0x08, 0x3E, 0x14, 0x7F, 0x08, 0x3E, 0x08, 0x00} },   // 辛
    { 0x8F9E, {0x24, 0x7B, 0x57, 0x7A, 0x27, 0x7D, 0x27, 0x00} },   // 辞
    { 0x8FB0, {0x7E, 0x02, 0x3A, 0x02, 0x7E, 0x16, 0x6D, 0x00} },   // 辰
    { 0x8FB1, {0x7E, 0x3A, 0x7E, 0x15, 0x7F, 0x14, 0x18, 0x00} },   // 辱
    { 0x8FB2, {0x14, 0x3E, 0x3E, 0x00, 0x7E, 0x16, 0x6D, 0x00} },   // 農
    { 0x8FBA, {0x7D, 0x52, 0x50, 0x4B, 0x66, 0x02, 0x7D, 0x00} },   // 辺
    { 0x8FBB, {0x11, 0x10, 0x7C, 0x13, 0x12, 0x12, 0x7D, 0x00} },   // 辻
    { 0x8FBC, {0x19, 0x12, 0x10, 0x2B, 0x46, 0x02, 0x7D, 0x00} },   // 込
    { 0x8FBF, {0x11, 0x54, 0x54, 0x57, 0x7E, 0x02, 0x7D, 0x00} },   // 辿
    { 0x8FC2, {0x39, 0x10, 0x7C, 0x13, 0x12, 0x1A, 0x7D, 0x00} },   // 迂
    { 0x8FC4, {0x09, 0x78, 0x34, 0x13, 0x4A, 0x72, 0x7D, 0x00} },   // 迄
    { 0x8FC5, {0x3D, 0x28, 0x3C, 0x2B, 0x4A, 0x02, 0x7D, 0x00} },   // 迅
    { 0x8FCE, {0x09, 0x74, 0x54, 0x57, 0x5E, 0x12, 0x7D, 0x00} },   // 迎
    { 0x8FD1, {0x21, 0x1A, 0x08, 0x7B, 0x2A, 0x26, 0x7D, 0x00} },   // 近
    { 0x8FD4, {0x79, 0x0A, 0x78, 0x5B, 0x2A, 0x56, 0x7D, 0x00} },   // 返
    { 0x8FE6, {0x09, 0x7C, 0x58, 0x5B, 0x76, 0x02, 0x7D, 0x00} },   // 迦
    { 0x8FE9, {0x09, 0x78, 0x24, 0x2B, 0x66, 0x32, 0x7D, 0x00} },   // 迩
    { 0x8FEB, {0x11, 0x7A, 0x48, 0x7B, 0x4A, 0x7A, 0x7D, 0x00} },   // 迫
    { 0x8FED, {0x31, 0x72, 0x28, 0x7B, 0x22, 0x5A, 0x7D, 0x00} },   // 迭
    { 0x8FF0, {0x51, 0x7C, 0x10, 0x57, 0x56, 0x12, 0x7D, 0x00} },   // 述
    { 0x8FF7, {0x55, 0x10, 0x7C, 0x3B, 0x56, 0x12, 0x7D, 0x00} },   // 迷
    { 0x8FFD, {0x11, 0x7A, 0x78, 0x0B, 0x7A, 0x4A, 0x7D, 0x00} },   // 追
    { 0x9000, {0x79, 0x4A, 0x78, 0x4B, 0x3A, 0x6A, 0x7D, 0x00} },   // 退
    { 0x9001, {0x29, 0x7C, 0x10, 0x3B, 0x12, 0x6E, 0x7D, 0x00} },   // 送
    { 0x9003, {0x29, 0x6C, 0x28, 0x6F, 0x2A, 0x66, 0x7D, 0x00} },   // 逃
    { 0x9006, {0x29, 0x7C, 0x10, 0x57, 0x7E, 0x0A, 0x7D, 0x00} },   // 逆
    { 0x900F, {0x39, 0x7C, 0x38, 0x57, 0x32, 0x2A, 0x7D, 0x00} },   // 透
    { 0x9010, {0x7D, 0x0A, 0x58, 0x37, 0x5A, 0x16, 0x7D, 0x00} },   // 逐
    { 0x9013, {0x41, 0x3A, 0x28, 0x7B, 0x6A, 0x26, 0x7D, 0x00} },   // 逓
    { 0x9014, {0x11, 0x28, 0x7C, 0x13, 0x56, 0x1A, 0x7D, 0x00} },   // 途
    { 0x9017, {0x79, 0x02, 0x78, 0x4B, 0x32, 0x7A, 0x7D, 0x00} },   // 逗
    { 0x9019, {0x31, 0x7A, 0x00, 0x33, 0x02, 0x7A, 0x7D, 0x00} },   // 這
    { 0x901A, {0x7D, 0x20, 0x7C, 0x57, 0x7E, 0x56, 0x7D, 0x00} },   // 通
    { 0x901D, {0x49, 0x3C, 0x68, 0x6B, 0x5E, 0x4A, 0x7D, 0x00} },   // 逝
    { 0x901F, {0x11, 0x7E, 0x54, 0x7F, 0x3A, 0x56, 0x7D, 0x00} },   // 速
    { 0x9020, {0x19, 0x38, 0x14, 0x7F, 0x2A, 0x3A, 0x7D, 0x00} },   // 造
    { 0x9022, {0x31, 0x2C, 0x58, 0x13, 0x7E, 0x12, 0x7D, 0x00} },   // 逢
    { 0x9023, {0x11, 0x7C, 0x38, 0x3B, 0x7E, 0x12, 0x7D, 0x00} },   // 連
    { 0x902E, {0x11, 0x3C, 0x38, 0x57, 0x3A, 0x56, 0x7D, 0x00} },   // 逮
    { 0x9031, {0x7D, 0x54, 0x7C, 0x57, 0x6E, 0x7A, 0x7D, 0x00} },   // 週
    { 0x9032, {0x29, 0x78, 0x2C, 0x7B, 0x2A, 0x7A, 0x7D, 0x00} },   // 進
    { 0x9038, {0x31, 0x2C, 0x78, 0x5B, 0x32, 0x6A, 0x7D, 0x00} },   // 逸
    { 0x903C, {0x7D, 0x2A, 0x38, 0x03, 0x7E, 0x56, 0x7D, 0x00} },   // 逼
    { 0x9041, {0x41, 0x3A, 0x78, 0x2B, 0x76, 0x72, 0x7D, 0x00} },   // 遁
    { 0x9042, {0x29, 0x7C, 0x10, 0x5B, 0x36, 0x5A, 0x7D, 0x00} },   // 遂
    { 0x9045, {0x79, 0x7A, 0x08, 0x5B, 0x7A, 0x26, 0x7D, 0x00} },   // 遅
    { 0x9047, {0x39, 0x3A, 0x10, 0x7F, 0x76, 0x5E, 0x7D, 0x00} },   // 遇
    { 0x904A, {0x29, 0x7C, 0x68, 0x5B, 0x76, 0x2A, 0x7D, 0x00} },   // 遊
    { 0x904B, {0x7D, 0x54, 0x38, 0x3B, 0x7E, 0x12, 0x7D, 0x00} },   // 運
    { 0x904D, {0x7D, 0x3A, 0x08, 0x7B, 0x76, 0x52, 0x7D, 0x00} },   // 遍
    { 0x904E, {0x71, 0x52, 0x50, 0x7B, 0x4A, 0x5A, 0x7D, 0x00} },   // 過
    { 0x9053, {0x29, 0x7C, 0x10, 0x2B, 0x3A, 0x2A, 0x7D, 0x00} },   // 道
    { 0x9054, {0x11, 0x38, 0x7C, 0x2B, 0x7E, 0x12, 0x7D, 0x00} },   // 達
    { 0x9055, {0x79, 0x50, 0x7C, 0x2B, 0x7E, 0x22, 0x7D, 0x00} },   // 違
    { 0x905C, {0x7D, 0x28, 0x14, 0x27, 0x7A, 0x2E, 0x7D, 0x00} },   // 遜
    { 0x9060, {0x11, 0x38, 0x7C, 0x2B, 0x3A, 0x56, 0x7D, 0x00} },   // 遠
    { 0x9061, {0x75, 0x5E, 0x7C, 0x5B, 0x56, 0x02, 0x7D, 0x00} },   // 遡
    { 0x9063, {0x11, 0x7C, 0x54, 0x7F, 0x3A, 0x7A, 0x7D, 0x00} },   // 遣
    { 0x9065, {0x61, 0x5C, 0x10, 0x7F, 0x12, 0x56, 0x7D, 0x00} },   // 遥
    { 0x9069, {0x11, 0x7C, 0x28, 0x7F, 0x56, 0x6E, 0x7D, 0x00} },   // 適
    { 0x906D, {0x29, 0x7C, 0x28, 0x7F, 0x7E, 0x2A, 0x7D, 0x00} },   // 遭
    { 0x906E, {0x11, 0x7C, 0x34, 0x7F, 0x02, 0x56, 0x7D, 0x00} },   // 遮
    { 0x9075, {0x29, 0x7E, 0x6C, 0x47, 0x7E, 0x32, 0x7D, 0x00} },   // 遵
    { 0x9077, {0x7D, 0x3A, 0x38, 0x57, 0x0A, 0x3A, 0x7D, 0x00} },   // 遷
    { 0x9078, {0x6D, 0x48, 0x24, 0x6F, 0x3A, 0x46, 0x7D, 0x00} },   // 選
    { 0x907A, {0x11, 0x7C, 0x54, 0x7F, 0x3A, 0x46, 0x7D, 0x00} },   // 遺
    { 0x907C, {0x11, 0x7C, 0x28, 0x7F, 0x2A, 0x56, 0x7D, 0x00} },   // 遼
    { 0x907F, {0x2D, 0x7C, 0x54, 0x2F, 0x7E, 0x22, 0x7D, 0x00} },   // 避
    { 0x9084, {0x7D, 0x7C, 0x38, 0x2B, 0x3A, 0x56, 0x7D, 0x00} },   // 還
    { 0x9091, {0x1E, 0x12, 0x3F, 0x29, 0x3F, 0x41, 0x7E, 0x00} },   // 邑
    { 0x90A3, {0x6F, 0x6A, 0x2F, 0x6A, 0x6F, 0x2A, 0x2D, 0x00} },   // 那
    { 0x90A6, {0x74, 0x5F, 0x34, 0x5F, 0x54, 0x3F, 0x12, 0x00} },   // 邦
    { 0x90AA, {0x7F, 0x55, 0x35, 0x5F, 0x56, 0x35, 0x16, 0x00} },   // 邪
    { 0x90B8, {0x68, 0x67, 0x25, 0x6F, 0x65, 0x29, 0x37, 0x00} },   // 邸
    { 0x90C1, {0x72, 0x5F, 0x32, 0x5E, 0x5B, 0x3E, 0x1A, 0x00} },   // 郁
    { 0x90CA, {0x74, 0x5F, 0x3A, 0x51, 0x5A, 0x34, 0x1B, 0x00} },   // 郊
    { 0x90CE, {0x72, 0x57, 0x35, 0x57, 0x51, 0x35, 0x17, 0x00} },   // 郎
    { 0x90E1, {0x6F, 0x6A, 0x3F, 0x6A, 0x66, 0x2F, 0x2E, 0x00} },   // 郡
    { 0x90E8, {0x74, 0x5F, 0x3A, 0x5F, 0x50, 0x36, 0x16, 0x00} },   // 部
    { 0x90ED, {0x74, 0x5F, 0x3A, 0x5E, 0x5C, 0x37, 0x14, 0x00} },   // 郭
    { 0x90F5, {0x7E, 0x54, 0x3F, 0x56, 0x5F, 0x34, 0x1F, 0x00} },   // 郵
    { 0x90F7, {0x62, 0x7D, 0x36, 0x7D, 0x67, 0x36, 0x2D, 0x00} },   // 郷
    { 0x90FD, {0x74, 0x5E, 0x34, 0x5F, 0x52, 0x3D, 0x1C, 0x00} },   // 都
    { 0x912D, {0x6A, 0x7F, 0x3B, 0x71, 0x7F, 0x24, 0x3B, 0x00} },   // 鄭
    { 0x9149, {0x7F, 0x14, 0x7F, 0x55, 0x73, 0x7F, 0x7F, 0x00} },   // 酉
    { 0x914B, {0x24, 0x7F, 0x14, 0x3E, 0x36, 0x22, 0x3E, 0x00} },   // 酋
    { 0x914C, {0x17, 0x72, 0x4F, 0x57, 0x65, 0x47, 0x67, 0x00} },   // 酌
    { 0x914D, {0x77, 0x42, 0x47, 0x77, 0x15, 0x57, 0x77, 0x00} },   // 配
    { 0x914E, {0x27, 0x7A, 0x27, 0x2F, 0x35, 0x27, 0x37, 0x00} },   // 酎
    { 0x9152, {0x7D, 0x28, 0x7D, 0x6C, 0x45, 0x7D, 0x7D, 0x00} },   // 酒
    { 0x9154, {0x17, 0x3A, 0x37, 0x6F, 0x15, 0x7F, 0x17, 0x00} },   // 酔
    { 0x9162, {0x17, 0x72, 0x1F, 0x77, 0x15, 0x77, 0x17, 0x00} },   // 酢
    { 0x916A, {0x67, 0x52, 0x27, 0x57, 0x0D, 0x77, 0x77, 0x00} },   // 酪
    { 0x916C, {0x57, 0x52, 0x7F, 0x7F, 0x55, 0x57, 0x57, 0x00} },   // 酬
    { 0x9175, {0x57, 0x3A, 0x13, 0x7F, 0x2B, 0x77, 0x23, 0x00} },   // 酵
    { 0x9177, {0x37, 0x72, 0x2F, 0x7F, 0x05, 0x77, 0x77, 0x00} },   // 酷
    { 0x9178, {0x57, 0x7A, 0x57, 0x4F, 0x35, 0x2F, 0x57, 0x00} },   // 酸
    { 0x9187, {0x27, 0x7A, 0x57, 0x77, 0x45, 0x7F, 0x27, 0x00} },   // 醇
    { 0x918D, {0x37, 0x32, 0x7F, 0x27, 0x6D, 0x2F, 0x77, 0x00} },   // 醍
    { 0x9190, {0x6B, 0x7E, 0x6B, 0x7F, 0x77, 0x7F, 0x53, 0x00} },   // 醐
    { 0x9192, {0x77, 0x52, 0x77, 0x2F, 0x75, 0x27, 0x7F, 0x00} },   // 醒
    { 0x9197, {0x5F, 0x2A, 0x47, 0x3B, 0x7F, 0x2B, 0x67, 0x00} },   // 醗
    { 0x919C, {0x17, 0x7A, 0x5F, 0x7F, 0x7D, 0x37, 0x6F, 0x00} },   // 醜
    { 0x91A4, {0x7E, 0x2B, 0x32, 0x7F, 0x36, 0x22, 0x3E, 0x00} },   // 醤
    { 0x91B8, {0x13, 0x7E, 0x2B, 0x6F, 0x7F, 0x2B, 0x5B, 0x00} },   // 醸
    { 0x91C6, {0x70, 0x0F, 0x2A, 0x7F, 0x08, 0x1C, 0x6B, 0x00} },   // 釆
    { 0x91C7, {0x70, 0x0F, 0x2A, 0x10, 0x7F, 0x1C, 0x6B, 0x00} },   // 采
    { 0x91C8, {0x7F, 0x54, 0x5D, 0x34, 0x3F, 0x56, 0x4D, 0x00} },   // 釈
    { 0x91CC, {0x3E, 0x2A, 0x3E, 0x2A, 0x3E, 0x08, 0x7F, 0x00} },   // 里
    { 0x91CD, {0x1C, 0x7F, 0x2A, 0x3E, 0x2A, 0x1C, 0x7F, 0x00} },   // 重
    { 0x91CE, {0x7F, 0x4D, 0x2F, 0x7D, 0x6F, 0x24, 0x3F, 0x00} },   // 野
    { 0x91CF, {0x3E, 0x22, 0x7F, 0x2A, 0x3E, 0x08, 0x7F, 0x00} },   // 量
    { 0x91D1, {0x08, 0x14, 0x7F, 0x08, 0x7F, 0x2A, 0x7F, 0x00} },   // 金
    { 0x91D8, {0x7A, 0x25, 0x27, 0x22, 0x27, 0x26, 0x33, 0x00} },   // 釘
    { 0x91DC, {0x14, 0x63, 0x1C, 0x6B, 0x1C, 0x2A, 0x7F, 0x00} },   // 釜
    { 0x91DD, {0x22, 0x25, 0x7F, 0x22, 0x27, 0x26, 0x23, 0x00} },   // 針
    { 0x91E3, {0x12, 0x75, 0x4F, 0x52, 0x67, 0x46, 0x63, 0x00} },   // 釣
    { 0x91E6, {0x04, 0x7A, 0x5F, 0x54, 0x5F, 0x5E, 0x77, 0x00} },   // 釦
    { 0x91E7, {0x4A, 0x5D, 0x5F, 0x5A, 0x5F, 0x4A, 0x47, 0x00} },   // 釧
    { 0x920D, {0x12, 0x7D, 0x13, 0x56, 0x7F, 0x12, 0x73, 0x00} },   // 鈍
    { 0x920E, {0x12, 0x75, 0x4F, 0x52, 0x4F, 0x7E, 0x43, 0x00} },   // 鈎
    { 0x9234, {0x12, 0x2D, 0x77, 0x02, 0x7F, 0x56, 0x13, 0x00} },   // 鈴
    { 0x9237, {0x22, 0x25, 0x7F, 0x22, 0x77, 0x56, 0x73, 0x00} },   // 鈷
    { 0x9244, {0x32, 0x75, 0x2F, 0x7A, 0x27, 0x26, 0x5B, 0x00} },   // 鉄
    { 0x925B, {0x52, 0x55, 0x57, 0x0A, 0x77, 0x56, 0x73, 0x00} },   // 鉛
    { 0x9262, {0x12, 0x7D, 0x13, 0x3A, 0x57, 0x3A, 0x13, 0x00} },   // 鉢
    { 0x9266, {0x7A, 0x25, 0x27, 0x6A, 0x2F, 0x2E, 0x7B, 0x00} },   // 鉦
    { 0x9271, {0x22, 0x7D, 0x0F, 0x2A, 0x2F, 0x56, 0x73, 0x00} },   // 鉱
    { 0x927E, {0x12, 0x4D, 0x7F, 0x3A, 0x17, 0x7E, 0x13, 0x00} },   // 鉾
    { 0x9280, {0x7A, 0x4D, 0x7F, 0x4A, 0x7F, 0x2E, 0x5B, 0x00} },   // 銀
    { 0x9283, {0x12, 0x7D, 0x2B, 0x5E, 0x2B, 0x2A, 0x67, 0x00} },   // 銃
    { 0x9285, {0x7A, 0x4D, 0x7F, 0x4A, 0x7F, 0x7E, 0x4B, 0x00} },   // 銅
    { 0x9291, {0x1A, 0x3D, 0x17, 0x7E, 0x2B, 0x2A, 0x67, 0x00} },   // 銑
    { 0x9298, {0x72, 0x55, 0x2F, 0x12, 0x7F, 0x56, 0x73, 0x00} },   // 銘
    { 0x929A, {0x2A, 0x6D, 0x2F, 0x6A, 0x2F, 0x2E, 0x67, 0x00} },   // 銚
    { 0x92AD, {0x52, 0x7D, 0x17, 0x3A, 0x57, 0x26, 0x5B, 0x00} },   // 銭
    { 0x92D2, {0x32, 0x2D, 0x13, 0x6E, 0x13, 0x7E, 0x13, 0x00} },   // 鋒
    { 0x92E4, {0x22, 0x3D, 0x77, 0x7E, 0x77, 0x5E, 0x57, 0x00} },   // 鋤
    { 0x92EA, {0x52, 0x7D, 0x13, 0x7E, 0x57, 0x7E, 0x57, 0x00} },   // 鋪
    { 0x92ED, {0x2A, 0x7D, 0x47, 0x7E, 0x2B, 0x2A, 0x67, 0x00} },   // 鋭
    { 0x92F2, {0x22, 0x1D, 0x7B, 0x2A, 0x7F, 0x02, 0x47, 0x00} },   // 鋲
    { 0x92F3, {0x12, 0x3D, 0x7F, 0x2A, 0x7F, 0x26, 0x2B, 0x00} },   // 鋳
    { 0x92F8, {0x7A, 0x7D, 0x2F, 0x7A, 0x2F, 0x56, 0x73, 0x00} },   // 鋸
    { 0x92FC, {0x7E, 0x45, 0x6F, 0x56, 0x6F, 0x7E, 0x47, 0x00} },   // 鋼
    { 0x9306, {0x22, 0x75, 0x27, 0x7A, 0x57, 0x76, 0x53, 0x00} },   // 錆
    { 0x9310, {0x2A, 0x7D, 0x2F, 0x7A, 0x2F, 0x2E, 0x7B, 0x00} },   // 錐
    { 0x9318, {0x3A, 0x15, 0x7F, 0x2A, 0x7F, 0x12, 0x7F, 0x00} },   // 錘
    { 0x9320, {0x22, 0x7D, 0x77, 0x22, 0x6B, 0x2A, 0x77, 0x00} },   // 錠
    { 0x9326, {0x12, 0x3D, 0x2B, 0x3A, 0x7F, 0x56, 0x13, 0x00} },   // 錦
    { 0x9328, {0x2A, 0x7D, 0x2B, 0x7E, 0x7F, 0x56, 0x7F, 0x00} },   // 錨
    { 0x932B, {0x7A, 0x4D, 0x7F, 0x12, 0x77, 0x6E, 0x53, 0x00} },   // 錫
    { 0x932C, {0x12, 0x7D, 0x3B, 0x3A, 0x13, 0x3A, 0x57, 0x00} },   // 錬
    { 0x932F, {0x2A, 0x7D, 0x2B, 0x7E, 0x3B, 0x2A, 0x3B, 0x00} },   // 錯
    { 0x9332, {0x3A, 0x25, 0x7F, 0x12, 0x57, 0x3A, 0x57, 0x00} },   // 録
    { 0x934B, {0x72, 0x55, 0x57, 0x7A, 0x4F, 0x5E, 0x5B, 0x00} },   // 鍋
    { 0x934D, {0x12, 0x7D, 0x37, 0x7E, 0x57, 0x26, 0x5B, 0x00} },   // 鍍
    { 0x9354, {0x5A, 0x5D, 0x37, 0x7A, 0x37, 0x46, 0x63, 0x00} },   // 鍔
    { 0x935B, {0x72, 0x6D, 0x1F, 0x6A, 0x5F, 0x2E, 0x5B, 0x00} },   // 鍛
    { 0x936C, {0x2A, 0x2D, 0x7F, 0x3A, 0x2F, 0x2E, 0x5B, 0x00} },   // 鍬
    { 0x9375, {0x5A, 0x75, 0x57, 0x6A, 0x57, 0x16, 0x6B, 0x00} },   // 鍵
    { 0x937E, {0x42, 0x35, 0x7F, 0x72, 0x77, 0x26, 0x7B, 0x00} },   // 鍾
    { 0x938C, {0x2A, 0x7D, 0x3B, 0x72, 0x3F, 0x3A, 0x57, 0x00} },   // 鎌
    { 0x9396, {0x6A, 0x25, 0x7F, 0x4A, 0x7F, 0x06, 0x4B, 0x00} },   // 鎖
    { 0x9397, {0x22, 0x55, 0x3F, 0x32, 0x17, 0x76, 0x6B, 0x00} },   // 鎗
    { 0x939A, {0x4A, 0x65, 0x67, 0x2A, 0x6F, 0x6E, 0x7B, 0x00} },   // 鎚
    { 0x93A7, {0x6A, 0x7D, 0x07, 0x7A, 0x4F, 0x36, 0x7B, 0x00} },   // 鎧
    { 0x93AE, {0x22, 0x7D, 0x37, 0x32, 0x7F, 0x06, 0x4B, 0x00} },   // 鎮
    { 0x93D1, {0x12, 0x7D, 0x2B, 0x7E, 0x57, 0x6E, 0x7F, 0x00} },   // 鏑
    { 0x93E1, {0x12, 0x7D, 0x2B, 0x7E, 0x3B, 0x3A, 0x67, 0x00} },   // 鏡
    { 0x9418, {0x12, 0x7D, 0x2B, 0x7E, 0x3B, 0x12, 0x7F, 0x00} },   // 鐘
    { 0x9419, {0x5A, 0x2D, 0x47, 0x3A, 0x2B, 0x12, 0x7F, 0x00} },   // 鐙
    { 0x9438, {0x7E, 0x7D, 0x13, 0x7E, 0x2B, 0x7E, 0x13, 0x00} },   // 鐸
    { 0x9451, {0x2A, 0x6D, 0x0F, 0x6A, 0x07, 0x36, 0x7B, 0x00} },   // 鑑
    { 0x9453, {0x2A, 0x75, 0x77, 0x2A, 0x6F, 0x6E, 0x7B, 0x00} },   // 鑓
    { 0x9577, {0x3C, 0x04, 0x1C, 0x04, 0x7F, 0x14, 0x6E, 0x00} },   // 長
    { 0x9580, {0x77, 0x55, 0x77, 0x41, 0x41, 0x41, 0x61, 0x00} },   // 門
    { 0x9583, {0x77, 0x55, 0x77, 0x49, 0x49, 0x55, 0x63, 0x00} },   // 閃
    { 0x9589, {0x77, 0x55, 0x77, 0x49, 0x5F, 0x4D, 0x6B, 0x00} },   // 閉
    { 0x958B, {0x77, 0x77, 0x41, 0x7F, 0x55, 0x7F, 0x55, 0x00} },   // 開
    { 0x958F, {0x77, 0x55, 0x7F, 0x49, 0x5D, 0x49, 0x5D, 0x00} },   // 閏
    { 0x9591, {0x77, 0x77, 0x49, 0x7F, 0x5D, 0x6B, 0x49, 0x00} },   // 閑
    { 0x9593, {0x77, 0x55, 0x7F, 0x55, 0x5D, 0x55, 0x5D, 0x00} },   // 間
    { 0x95A2, {0x77, 0x77, 0x55, 0x49, 0x7F, 0x49, 0x55, 0x00} },   // 関
    { 0x95A3, {0x77, 0x77, 0x59, 0x55, 0x49, 0x77, 0x5D, 0x00} },   // 閣
    { 0x95A4, {0x77, 0x77, 0x49, 0x55, 0x7F, 0x55, 0x5D, 0x00} },   // 閤
    { 0x95A5, {0x77, 0x77, 0x41, 0x75, 0x5F, 0x55, 0x6D, 0x00} },   // 閥
    { 0x95B2, {0x77, 0x77, 0x55, 0x5D, 0x55, 0x59, 0x77, 0x00} },   // 閲
    { 0x95C7, {0x77, 0x77, 0x49, 0x7F, 0x55, 0x7F, 0x5D, 0x00} },   // 闇
    { 0x95D8, {0x77, 0x77, 0x41, 0x6F, 0x7B, 0x65, 0x6F, 0x00} },   // 闘
    { 0x961C, {0x08, 0x1E, 0x12, 0x3E, 0x22, 0x7F, 0x08, 0x00} },   // 阜
    { 0x962A, {0x7B, 0x0B, 0x79, 0x5B, 0x5B, 0x25, 0x59, 0x00} },   // 阪
    { 0x9632, {0x27, 0x7D, 0x13, 0x75, 0x55, 0x53, 0x69, 0x00} },   // 防
    { 0x963B, {0x3B, 0x2B, 0x39, 0x2B, 0x3B, 0x29, 0x7D, 0x00} },   // 阻
    { 0x963F, {0x7F, 0x45, 0x7B, 0x6D, 0x7D, 0x43, 0x61, 0x00} },   // 阿
    { 0x9640, {0x27, 0x7D, 0x4B, 0x15, 0x75, 0x13, 0x71, 0x00} },   // 陀
    { 0x9644, {0x57, 0x6D, 0x4B, 0x5D, 0x4D, 0x4B, 0x69, 0x00} },   // 附
    { 0x964D, {0x33, 0x2B, 0x11, 0x6F, 0x3B, 0x7D, 0x21, 0x00} },   // 降
    { 0x9650, {0x7F, 0x4D, 0x7B, 0x4D, 0x7D, 0x2B, 0x59, 0x00} },   // 限
    { 0x965B, {0x27, 0x6F, 0x25, 0x6F, 0x3B, 0x11, 0x7D, 0x00} },   // 陛
    { 0x9662, {0x13, 0x7F, 0x75, 0x03, 0x7F, 0x29, 0x65, 0x00} },   // 院
    { 0x9663, {0x13, 0x7F, 0x39, 0x3B, 0x3B, 0x7D, 0x11, 0x00} },   // 陣
    { 0x9664, {0x13, 0x2B, 0x7D, 0x13, 0x7F, 0x11, 0x55, 0x00} },   // 除
    { 0x9665, {0x77, 0x4D, 0x23, 0x6D, 0x6D, 0x6B, 0x69, 0x00} },   // 陥
    { 0x966A, {0x13, 0x7F, 0x29, 0x7F, 0x03, 0x39, 0x39, 0x00} },   // 陪
    { 0x9670, {0x13, 0x2B, 0x5D, 0x13, 0x7F, 0x29, 0x5D, 0x00} },   // 陰
    { 0x9673, {0x13, 0x7F, 0x39, 0x3B, 0x13, 0x39, 0x55, 0x00} },   // 陳
    { 0x9675, {0x13, 0x3B, 0x11, 0x7F, 0x2B, 0x15, 0x69, 0x00} },   // 陵
    { 0x9676, {0x0B, 0x7B, 0x55, 0x7B, 0x53, 0x75, 0x7D, 0x00} },   // 陶
    { 0x9678, {0x13, 0x3B, 0x7D, 0x2B, 0x67, 0x11, 0x7D, 0x00} },   // 陸
    { 0x967A, {0x13, 0x2B, 0x7D, 0x57, 0x7F, 0x11, 0x6D, 0x00} },   // 険
    { 0x967D, {0x3B, 0x2B, 0x7D, 0x0B, 0x7B, 0x55, 0x69, 0x00} },   // 陽
    { 0x9685, {0x3B, 0x3B, 0x11, 0x7F, 0x57, 0x75, 0x5D, 0x00} },   // 隅
    { 0x9686, {0x33, 0x2B, 0x11, 0x6F, 0x3B, 0x11, 0x7D, 0x00} },   // 隆
    { 0x9688, {0x7F, 0x6D, 0x7B, 0x05, 0x7D, 0x2B, 0x59, 0x00} },   // 隈
    { 0x968A, {0x2B, 0x7F, 0x09, 0x57, 0x3B, 0x55, 0x19, 0x00} },   // 隊
    { 0x968E, {0x27, 0x6D, 0x27, 0x6D, 0x15, 0x3B, 0x39, 0x00} },   // 階
    { 0x968F, {0x2F, 0x75, 0x23, 0x1D, 0x6D, 0x6B, 0x75, 0x00} },   // 随
    { 0x9694, {0x7F, 0x35, 0x33, 0x7D, 0x4D, 0x7B, 0x69, 0x00} },   // 隔
    { 0x9699, {0x27, 0x6D, 0x33, 0x35, 0x25, 0x6B, 0x31, 0x00} },   // 隙
    { 0x969B, {0x7B, 0x57, 0x29, 0x47, 0x3B, 0x11, 0x55, 0x00} },   // 際
    { 0x969C, {0x13, 0x7F, 0x29, 0x7F, 0x3B, 0x7D, 0x11, 0x00} },   // 障
    { 0x96A0, {0x63, 0x1F, 0x55, 0x3B, 0x3B, 0x4D, 0x75, 0x00} },   // 隠
    { 0x96A3, {0x57, 0x3D, 0x53, 0x05, 0x2D, 0x7B, 0x25, 0x00} },   // 隣
    { 0x96B7, {0x12, 0x3F, 0x72, 0x3F, 0x58, 0x37, 0x5A, 0x00} },   // 隷
    { 0x96BB, {0x14, 0x7C, 0x16, 0x7D, 0x14, 0x08, 0x77, 0x00} },   // 隻
    { 0x96BC, {0x14, 0x7C, 0x16, 0x7D, 0x08, 0x7F, 0x08, 0x00} },   // 隼
    { 0x96C0, {0x08, 0x2A, 0x59, 0x0C, 0x7F, 0x14, 0x7C, 0x00} },   // 雀
    { 0x96C1, {0x7E, 0x2A, 0x76, 0x3E, 0x76, 0x36, 0x75, 0x00} },   // 雁
    { 0x96C4, {0x54, 0x7F, 0x34, 0x72, 0x3A, 0x35, 0x7E, 0x00} },   // 雄
    { 0x96C5, {0x57, 0x75, 0x3D, 0x77, 0x36, 0x35, 0x76, 0x00} },   // 雅
    { 0x96C6, {0x14, 0x3E, 0x15, 0x3C, 0x7F, 0x1C, 0x6B, 0x00} },   // 集
    { 0x96C7, {0x7F, 0x22, 0x3E, 0x2A, 0x7A, 0x2E, 0x79, 0x00} },   // 雇
    { 0x96CC, {0x2A, 0x7A, 0x2F, 0x7B, 0x2B, 0x2F, 0x7B, 0x00} },   // 雌
    { 0x96D1, {0x52, 0x77, 0x36, 0x7D, 0x37, 0x3E, 0x75, 0x00} },   // 雑
    { 0x96DB, {0x52, 0x7E, 0x3D, 0x72, 0x3E, 0x3D, 0x72, 0x00} },   // 雛
    { 0x96E2, {0x54, 0x7F, 0x3A, 0x76, 0x3F, 0x3D, 0x77, 0x00} },   // 離
    { 0x96E3, {0x5A, 0x7F, 0x3A, 0x7F, 0x3F, 0x34, 0x7B, 0x00} },   // 難
    { 0x96E8, {0x7F, 0x08, 0x7F, 0x49, 0x6D, 0x49, 0x6D, 0x00} },   // 雨
    { 0x96EA, {0x1C, 0x7F, 0x6D, 0x00, 0x3E, 0x20, 0x3E, 0x00} },   // 雪
    { 0x96EB, {0x1C, 0x7F, 0x6D, 0x00, 0x7F, 0x18, 0x28, 0x00} },   // 雫
    { 0x96F0, {0x1C, 0x7F, 0x6D, 0x22, 0x7D, 0x28, 0x36, 0x00} },   // 雰
    { 0x96F2, {0x1C, 0x7F, 0x6D, 0x00, 0x7F, 0x24, 0x5F, 0x00} },   // 雲
    { 0x96F6, {0x1C, 0x7F, 0x6D, 0x14, 0x7F, 0x48, 0x08, 0x00} },   // 零
    { 0x96F7, {0x1C, 0x7F, 0x6D, 0x00, 0x3E, 0x2A, 0x3E, 0x00} },   // 雷
    { 0x96FB, {0x1C, 0x7F, 0x6D, 0x3E, 0x2A, 0x3E, 0x70, 0x00} },   // 電
    { 0x9700, {0x1C, 0x7F, 0x6D, 0x3E, 0x08, 0x7F, 0x55, 0x00} },   // 需
    { 0x9707, {0x1C, 0x7F, 0x6D, 0x3E, 0x7E, 0x16, 0x6D, 0x00} },   // 震
    { 0x970A, {0x1C, 0x7F, 0x6D, 0x00, 0x5D, 0x2A, 0x7F, 0x00} },   // 霊
    { 0x971C, {0x1C, 0x7F, 0x6D, 0x74, 0x5F, 0x5E, 0x75, 0x00} },   // 霜
    { 0x971E, {0x1C, 0x7F, 0x6D, 0x77, 0x51, 0x27, 0x51, 0x00} },   // 霞
    { 0x9727, {0x1C, 0x7F, 0x6D, 0x36, 0x5F, 0x66, 0x55, 0x00} },   // 霧
    { 0x9732, {0x1C, 0x7F, 0x6D, 0x57, 0x25, 0x5A, 0x77, 0x00} },   // 露
    { 0x9752, {0x08, 0x3E, 0x08, 0x7F, 0x22, 0x3E, 0x22, 0x00} },   // 青
    { 0x9756, {0x22, 0x77, 0x25, 0x7D, 0x52, 0x77, 0x50, 0x00} },   // 靖
    { 0x9759, {0x64, 0x5E, 0x24, 0x7F, 0x6A, 0x7E, 0x2A, 0x00} },   // 静
    { 0x975E, {0x14, 0x77, 0x14, 0x77, 0x14, 0x77, 0x12, 0x00} },   // 非
    { 0x9762, {0x7F, 0x08, 0x7F, 0x55, 0x5D, 0x55, 0x7F, 0x00} },   // 面
    { 0x9769, {0x14, 0x7F, 0x14, 0x3E, 0x2A, 0x7F, 0x08, 0x00} },   // 革
    { 0x976D, {0x7D, 0x57, 0x57, 0x5A, 0x77, 0x57, 0x6A, 0x00} },   // 靭
    { 0x9774, {0x35, 0x2F, 0x6F, 0x2A, 0x2F, 0x2F, 0x6A, 0x00} },   // 靴
    { 0x9784, {0x15, 0x77, 0x6F, 0x42, 0x77, 0x17, 0x72, 0x00} },   // 鞄
    { 0x978D, {0x15, 0x7F, 0x57, 0x7E, 0x2B, 0x33, 0x4E, 0x00} },   // 鞍
    { 0x9798, {0x6D, 0x27, 0x7F, 0x4A, 0x7F, 0x4F, 0x6A, 0x00} },   // 鞘
    { 0x97A0, {0x0D, 0x7F, 0x6F, 0x52, 0x7F, 0x57, 0x6A, 0x00} },   // 鞠
    { 0x97AD, {0x75, 0x2F, 0x7F, 0x7A, 0x3F, 0x2F, 0x5A, 0x00} },   // 鞭
    { 0x97D3, {0x17, 0x7A, 0x57, 0x7D, 0x2A, 0x7F, 0x22, 0x00} },   // 韓
    { 0x97EE, {0x14, 0x7F, 0x36, 0x14, 0x36, 0x14, 0x7F, 0x00} },   // 韮
    { 0x97F3, {0x08, 0x3E, 0x14, 0x7F, 0x3E, 0x22, 0x3E, 0x00} },   // 音
    { 0x97FB, {0x34, 0x3F, 0x7A, 0x4F, 0x78, 0x06, 0x4E, 0x00} },   // 韻
    { 0x97FF, {0x6E, 0x6D, 0x66, 0x3D, 0x14, 0x7F, 0x1C, 0x00} },   // 響
    { 0x9801, {0x7F, 0x08, 0x3E, 0x3E, 0x22, 0x3E, 0x63, 0x00} },   // 頁
    { 0x9802, {0x7F, 0x12, 0x7A, 0x4A, 0x7A, 0x03, 0x48, 0x00} },   // 頂
    { 0x9803, {0x79, 0x15, 0x7B, 0x49, 0x7D, 0x07, 0x48, 0x00} },   // 頃
    { 0x9805, {0x78, 0x17, 0x7A, 0x4A, 0x7E, 0x03, 0x48, 0x00} },   // 項
    { 0x9806, {0x7A, 0x2E, 0x7E, 0x5E, 0x7E, 0x0A, 0x59, 0x00} },   // 順
    { 0x9808, {0x7A, 0x11, 0x7A, 0x49, 0x78, 0x02, 0x49, 0x00} },   // 須
    { 0x9810, {0x77, 0x24, 0x72, 0x57, 0x76, 0x02, 0x4B, 0x00} },   // 預
    { 0x9811, {0x76, 0x20, 0x7F, 0x56, 0x76, 0x0D, 0x50, 0x00} },   // 頑
    { 0x9812, {0x7A, 0x2A, 0x71, 0x5E, 0x7A, 0x0A, 0x5D, 0x00} },   // 頒
    { 0x9813, {0x74, 0x2F, 0x74, 0x55, 0x7F, 0x04, 0x5C, 0x00} },   // 頓
    { 0x9817, {0x74, 0x2F, 0x75, 0x5F, 0x7B, 0x05, 0x5B, 0x00} },   // 頗
    { 0x9818, {0x7A, 0x25, 0x77, 0x50, 0x77, 0x06, 0x4A, 0x00} },   // 領
    { 0x981A, {0x7F, 0x2A, 0x74, 0x5B, 0x76, 0x0C, 0x53, 0x00} },   // 頚
    { 0x982C, {0x74, 0x2F, 0x74, 0x5D, 0x7F, 0x04, 0x5B, 0x00} },   // 頬
    { 0x982D, {0x77, 0x20, 0x77, 0x55, 0x72, 0x07, 0x48, 0x00} },   // 頭
    { 0x9834, {0x71, 0x27, 0x71, 0x56, 0x7F, 0x04, 0x55, 0x00} },   // 頴
    { 0x983B, {0x74, 0x2D, 0x75, 0x5F, 0x7D, 0x04, 0x53, 0x00} },   // 頻
    { 0x983C, {0x74, 0x2F, 0x7E, 0x5E, 0x74, 0x0E, 0x55, 0x00} },   // 頼
    { 0x984C, {0x76, 0x26, 0x7F, 0x74, 0x0E, 0x56, 0x79, 0x00} },   // 題
    { 0x984D, {0x74, 0x2F, 0x7D, 0x5A, 0x74, 0x0B, 0x5E, 0x00} },   // 額
    { 0x984E, {0x7B, 0x2B, 0x76, 0x5F, 0x72, 0x04, 0x56, 0x00} },   // 顎
    { 0x9854, {0x74, 0x2F, 0x7A, 0x5F, 0x75, 0x09, 0x55, 0x00} },   // 顔
    { 0x9855, {0x7F, 0x29, 0x76, 0x5F, 0x76, 0x0E, 0x53, 0x00} },   // 顕
    { 0x9858, {0x7F, 0x25, 0x7F, 0x5F, 0x75, 0x0F, 0x55, 0x00} },   // 願
    { 0x985B, {0x74, 0x2F, 0x76, 0x56, 0x7F, 0x00, 0x49, 0x00} },   // 顛
    { 0x985E, {0x75, 0x2E, 0x75, 0x54, 0x7F, 0x04, 0x5B, 0x00} },   // 類
    { 0x9867, {0x7F, 0x2A, 0x6E, 0x66, 0x6F, 0x06, 0x5E, 0x00} },   // 顧
    { 0x98A8, {0x3E, 0x2A, 0x3E, 0x3E, 0x2A, 0x3A, 0x6D, 0x00} },   // 風
    { 0x98DB, {0x3F, 0x2A, 0x4B, 0x3E, 0x6B, 0x2A, 0x49, 0x00} },   // 飛
    { 0x98DF, {0x08, 0x14, 0x6B, 0x0C, 0x2C, 0x14, 0x6E, 0x00} },   // 食
    { 0x98E2, {0x3A, 0x2D, 0x2A, 0x2B, 0x2B, 0x29, 0x67, 0x00} },   // 飢
    { 0x98EF, {0x7A, 0x0D, 0x7A, 0x5B, 0x5B, 0x29, 0x57, 0x00} },   // 飯
    { 0x98F2, {0x12, 0x75, 0x6A, 0x27, 0x27, 0x21, 0x57, 0x00} },   // 飲
    { 0x98F4, {0x22, 0x25, 0x52, 0x7F, 0x07, 0x71, 0x77, 0x00} },   // 飴
    { 0x98FC, {0x7A, 0x45, 0x5A, 0x43, 0x5B, 0x59, 0x67, 0x00} },   // 飼
    { 0x98FD, {0x12, 0x75, 0x6A, 0x47, 0x77, 0x11, 0x77, 0x00} },   // 飽
    { 0x98FE, {0x12, 0x75, 0x2A, 0x23, 0x7B, 0x69, 0x27, 0x00} },   // 飾
    { 0x9905, {0x2A, 0x05, 0x7E, 0x2B, 0x7F, 0x29, 0x27, 0x00} },   // 餅
    { 0x990A, {0x24, 0x7F, 0x08, 0x7F, 0x5E, 0x2D, 0x5C, 0x00} },   // 養
    { 0x990C, {0x7A, 0x55, 0x72, 0x77, 0x57, 0x79, 0x47, 0x00} },   // 餌
    { 0x9910, {0x74, 0x5C, 0x2B, 0x5C, 0x6F, 0x14, 0x6E, 0x00} },   // 餐
    { 0x9913, {0x72, 0x2D, 0x7C, 0x2B, 0x6B, 0x3D, 0x4B, 0x00} },   // 餓
    { 0x9928, {0x22, 0x7D, 0x4A, 0x37, 0x77, 0x51, 0x77, 0x00} },   // 館
    { 0x9957, {0x6E, 0x6D, 0x26, 0x1D, 0x6F, 0x1C, 0x6E, 0x00} },   // 饗
    { 0x9996, {0x24, 0x7F, 0x08, 0x3E, 0x3E, 0x22, 0x3E, 0x00} },   // 首
    { 0x9999, {0x30, 0x0E, 0x7F, 0x1C, 0x6B, 0x3E, 0x3E, 0x00} },   // 香
    { 0x99A8, {0x74, 0x5F, 0x26, 0x59, 0x1C, 0x77, 0x1C, 0x00} },   // 馨
    { 0x99AC, {0x7E, 0x0A, 0x3E, 0x0A, 0x7E, 0x40, 0x55, 0x00} },   // 馬
    { 0x99B3, {0x27, 0x2B, 0x7F, 0x6B, 0x2F, 0x4C, 0x7D, 0x00} },   // 馳
    { 0x99B4, {0x4F, 0x5B, 0x5F, 0x5B, 0x5F, 0x4C, 0x45, 0x00} },   // 馴
    { 0x99C1, {0x57, 0x23, 0x57, 0x03, 0x57, 0x24, 0x5D, 0x00} },   // 駁
    { 0x99C4, {0x27, 0x23, 0x77, 0x23, 0x27, 0x54, 0x6D, 0x00} },   // 駄
    { 0x99C5, {0x77, 0x53, 0x57, 0x33, 0x37, 0x54, 0x4D, 0x00} },   // 駅
    { 0x99C6, {0x77, 0x13, 0x57, 0x33, 0x57, 0x14, 0x75, 0x00} },   // 駆
    { 0x99C8, {0x27, 0x1B, 0x0F, 0x7B, 0x2F, 0x2C, 0x7D, 0x00} },   // 駈
    { 0x99D0, {0x17, 0x23, 0x77, 0x23, 0x77, 0x24, 0x75, 0x00} },   // 駐
    { 0x99D2, {0x17, 0x73, 0x4F, 0x73, 0x77, 0x44, 0x65, 0x00} },   // 駒
    { 0x99D5, {0x02, 0x7F, 0x5A, 0x75, 0x7C, 0x40, 0x55, 0x00} },   // 駕
    { 0x99FF, {0x57, 0x7B, 0x57, 0x4B, 0x37, 0x2C, 0x55, 0x00} },   // 駿
    { 0x9A0E, {0x27, 0x7B, 0x27, 0x53, 0x7F, 0x44, 0x55, 0x00} },   // 騎
    { 0x9A12, {0x7F, 0x53, 0x27, 0x7B, 0x77, 0x24, 0x7D, 0x00} },   // 騒
    { 0x9A13, {0x17, 0x2B, 0x7F, 0x57, 0x7F, 0x14, 0x6D, 0x00} },   // 験
    { 0x9A28, {0x57, 0x23, 0x7F, 0x7B, 0x27, 0x7C, 0x25, 0x00} },   // 騨
    { 0x9A30, {0x6F, 0x25, 0x7F, 0x35, 0x77, 0x45, 0x6D, 0x00} },   // 騰
    { 0x9A5A, {0x6A, 0x5F, 0x2E, 0x5D, 0x7C, 0x40, 0x55, 0x00} },   // 驚
    { 0x9AA8, {0x3E, 0x32, 0x7F, 0x63, 0x3E, 0x22, 0x32, 0x00} },   // 骨
    { 0x9AB8, {0x2E, 0x7A, 0x1F, 0x29, 0x5E, 0x2E, 0x5A, 0x00} },   // 骸
    { 0x9AC4, {0x2E, 0x76, 0x27, 0x1D, 0x6E, 0x6E, 0x7A, 0x00} },   // 髄
    { 0x9AD8, {0x08, 0x7F, 0x14, 0x1C, 0x7F, 0x55, 0x5D, 0x00} },   // 高
    { 0x9AEA, {0x4E, 0x22, 0x4F, 0x7E, 0x38, 0x14, 0x6B, 0x00} },   // 髪
    { 0x9AED, {0x4E, 0x22, 0x4F, 0x26, 0x6C, 0x25, 0x6F, 0x00} },   // 髭
    { 0x9B3C, {0x08, 0x3E, 0x2A, 0x3E, 0x5E, 0x34, 0x73, 0x00} },   // 鬼
    { 0x9B41, {0x2A, 0x27, 0x2F, 0x67, 0x3E, 0x26, 0x7D, 0x00} },   // 魁
    { 0x9B42, {0x17, 0x78, 0x5F, 0x7A, 0x7D, 0x37, 0x68, 0x00} },   // 魂
    { 0x9B45, {0x12, 0x3F, 0x17, 0x7F, 0x3A, 0x56, 0x7D, 0x00} },   // 魅
    { 0x9B54, {0x10, 0x7E, 0x2A, 0x7E, 0x3A, 0x3A, 0x65, 0x00} },   // 魔
    { 0x9B5A, {0x1C, 0x13, 0x3E, 0x2A, 0x3E, 0x00, 0x55, 0x00} },   // 魚
    { 0x9B6F, {0x1C, 0x13, 0x3E, 0x3E, 0x55, 0x3E, 0x3E, 0x00} },   // 魯
    { 0x9B8E, {0x16, 0x15, 0x76, 0x16, 0x7E, 0x48, 0x7D, 0x00} },   // 鮎
    { 0x9B92, {0x56, 0x6D, 0x4E, 0x5E, 0x4E, 0x48, 0x6D, 0x00} },   // 鮒
    { 0x9BAA, {0x16, 0x7D, 0x16, 0x76, 0x5E, 0x70, 0x55, 0x00} },   // 鮪
    { 0x9BAB, {0x26, 0x7D, 0x56, 0x0E, 0x56, 0x20, 0x5D, 0x00} },   // 鮫
    { 0x9BAD, {0x26, 0x75, 0x26, 0x7E, 0x76, 0x20, 0x75, 0x00} },   // 鮭
    { 0x9BAE, {0x56, 0x7D, 0x26, 0x76, 0x26, 0x78, 0x25, 0x00} },   // 鮮
    { 0x9BC9, {0x7E, 0x55, 0x7E, 0x56, 0x7E, 0x10, 0x7D, 0x00} },   // 鯉
    { 0x9BD6, {0x26, 0x75, 0x26, 0x7E, 0x56, 0x70, 0x55, 0x00} },   // 鯖
    { 0x9BDB, {0x7F, 0x56, 0x7F, 0x57, 0x6F, 0x7C, 0x45, 0x00} },   // 鯛
    { 0x9BE8, {0x26, 0x7D, 0x56, 0x76, 0x26, 0x68, 0x35, 0x00} },   // 鯨
    { 0x9BF5, {0x26, 0x55, 0x3E, 0x56, 0x2E, 0x40, 0x35, 0x00} },   // 鯵
    { 0x9C0D, {0x2F, 0x2A, 0x7F, 0x3B, 0x2F, 0x2C, 0x59, 0x00} },   // 鰍
    { 0x9C10, {0x5E, 0x5D, 0x36, 0x7E, 0x36, 0x40, 0x65, 0x00} },   // 鰐
    { 0x9C2D, {0x56, 0x3D, 0x76, 0x2E, 0x66, 0x70, 0x75, 0x00} },   // 鰭
    { 0x9C2F, {0x6F, 0x4A, 0x6F, 0x27, 0x6F, 0x58, 0x6D, 0x00} },   // 鰯
    { 0x9C39, {0x7F, 0x5E, 0x2F, 0x53, 0x3B, 0x10, 0x7D, 0x00} },   // 鰹
    { 0x9C3B, {0x3B, 0x2A, 0x7F, 0x7F, 0x2B, 0x10, 0x6D, 0x00} },   // 鰻
    { 0x9C48, {0x36, 0x7D, 0x6E, 0x06, 0x76, 0x40, 0x75, 0x00} },   // 鱈
    { 0x9C52, {0x56, 0x7D, 0x5E, 0x4E, 0x7E, 0x50, 0x65, 0x00} },   // 鱒
    { 0x9C57, {0x57, 0x3A, 0x57, 0x03, 0x2F, 0x78, 0x25, 0x00} },   // 鱗
    { 0x9CE5, {0x08, 0x3E, 0x3E, 0x02, 0x7E, 0x40, 0x55, 0x00} },   // 鳥
    { 0x9CE9, {0x22, 0x77, 0x76, 0x16, 0x76, 0x4D, 0x50, 0x00} },   // 鳩
    { 0x9CF3, {0x3E, 0x2A, 0x2E, 0x2E, 0x3E, 0x32, 0x75, 0x00} },   // 鳳
    { 0x9CF4, {0x10, 0x3B, 0x3B, 0x0B, 0x7B, 0x40, 0x54, 0x00} },   // 鳴
    { 0x9CF6, {0x50, 0x7F, 0x28, 0x5E, 0x7E, 0x40, 0x55, 0x00} },   // 鳶
    { 0x9D07, {0x11, 0x3F, 0x39, 0x0F, 0x7A, 0x47, 0x6A, 0x00} },   // 鴇
    { 0x9D0E, {0x27, 0x71, 0x7B, 0x15, 0x7B, 0x41, 0x57, 0x00} },   // 鴎
    { 0x9D1B, {0x7E, 0x5B, 0x14, 0x7F, 0x7C, 0x40, 0x55, 0x00} },   // 鴛
    { 0x9D28, {0x17, 0x3F, 0x3F, 0x0F, 0x7A, 0x42, 0x6A, 0x00} },   // 鴨
    { 0x9D2B, {0x20, 0x77, 0x77, 0x17, 0x77, 0x47, 0x68, 0x00} },   // 鴫
    { 0x9D2C, {0x2A, 0x7F, 0x49, 0x1C, 0x7C, 0x40, 0x55, 0x00} },   // 鴬
    { 0x9D3B, {0x21, 0x7E, 0x75, 0x14, 0x7D, 0x47, 0x69, 0x00} },   // 鴻
    { 0x9D5C, {0x2A, 0x7F, 0x74, 0x1F, 0x75, 0x4E, 0x55, 0x00} },   // 鵜
    { 0x9D60, {0x26, 0x7E, 0x75, 0x1F, 0x70, 0x46, 0x56, 0x00} },   // 鵠
    { 0x9D61, {0x2B, 0x74, 0x7F, 0x14, 0x75, 0x47, 0x5B, 0x00} },   // 鵡
    { 0x9D6C, {0x2F, 0x7D, 0x7F, 0x1D, 0x7F, 0x4D, 0x5D, 0x00} },   // 鵬
    { 0x9D8F, {0x27, 0x70, 0x75, 0x12, 0x77, 0x42, 0x55, 0x00} },   // 鶏
    { 0x9DB4, {0x24, 0x7F, 0x75, 0x1E, 0x77, 0x46, 0x6E, 0x00} },   // 鶴
    { 0x9DF2, {0x24, 0x7F, 0x2A, 0x5E, 0x7D, 0x40, 0x55, 0x00} },   // 鷲
    { 0x9DF9, {0x10, 0x7E, 0x36, 0x76, 0x7A, 0x42, 0x55, 0x00} },   // 鷹
    { 0x9DFA, {0x37, 0x2D, 0x7A, 0x37, 0x7C, 0x40, 0x55, 0x00} },   // 鷺
    { 0x9E78, {0x12, 0x2E, 0x7B, 0x55, 0x7D, 0x15, 0x6F, 0x00} },   // 鹸
    { 0x9E7F, {0x10, 0x7E, 0x2A, 0x3E, 0x6E, 0x26, 0x6D, 0x00} },   // 鹿
    { 0x9E93, {0x22, 0x77, 0x7E, 0x2A, 0x7E, 0x26, 0x6D, 0x00} },   // 麓
    { 0x9E97, {0x77, 0x55, 0x7E, 0x2A, 0x7E, 0x26, 0x6D, 0x00} },   // 麗
    { 0x9E9F, {0x6A, 0x37, 0x6D, 0x07, 0x5B, 0x77, 0x49, 0x00} },   // 麟
    { 0x9EA6, {0x08, 0x3E, 0x08, 0x7F, 0x14, 0x0A, 0x75, 0x00} },   // 麦
    { 0x9EB9, {0x0A, 0x7F, 0x6A, 0x56, 0x7D, 0x52, 0x7D, 0x00} },   // 麹
    { 0x9EBA, {0x7A, 0x17, 0x7A, 0x6E, 0x7D, 0x6A, 0x7D, 0x00} },   // 麺
    { 0x9EBB, {0x10, 0x7E, 0x2A, 0x7E, 0x2A, 0x7E, 0x29, 0x00} },   // 麻
    { 0x9EBF, {0x10, 0x7E, 0x2A, 0x7E, 0x2A, 0x7E, 0x7D, 0x00} },   // 麿
    { 0x9EC4, {0x14, 0x7F, 0x14, 0x7F, 0x2A, 0x3E, 0x63, 0x00} },   // 黄
    { 0x9ECD, {0x1C, 0x7F, 0x1C, 0x6B, 0x14, 0x7F, 0x2A, 0x00} },   // 黍
    { 0x9ED2, {0x3E, 0x2A, 0x3E, 0x08, 0x7F, 0x00, 0x55, 0x00} },   // 黒
    { 0x9ED9, {0x57, 0x7F, 0x17, 0x12, 0x6F, 0x00, 0x55, 0x00} },   // 黙
    { 0x9EDB, {0x54, 0x7A, 0x23, 0x5E, 0x1C, 0x7F, 0x55, 0x00} },   // 黛
    { 0x9F0E, {0x1C, 0x5D, 0x5D, 0x77, 0x14, 0x76, 0x55, 0x00} },   // 鼎
    { 0x9F13, {0x22, 0x77, 0x22, 0x75, 0x53, 0x26, 0x5B, 0x00} },   // 鼓
    { 0x9F20, {0x34, 0x22, 0x3E, 0x2A, 0x36, 0x2A, 0x57, 0x00} },   // 鼠
    { 0x9F3B, {0x08, 0x1C, 0x14, 0x3E, 0x2A, 0x7F, 0x12, 0x00} },   // 鼻
    { 0x9F62, {0x24, 0x5D, 0x77, 0x0D, 0x7B, 0x6D, 0x2F, 0x00} },   // 齢
    { 0x9F8D, {0x64, 0x3F, 0x6A, 0x5F, 0x6A, 0x2E, 0x6A, 0x00} },   // 龍
};
